Date,Open,High,Low,Close,Volume,Dividends,Stock Splits,Symbol,time_idx
2023-08-21 00:00:00+05:30,261.592076341765,261.64198630571326,248.51246643066406,248.51246643066406,74715306,0.0,0.0,JIOFIN.NS,0
2023-08-22 00:00:00+05:30,236.0818634033203,236.0818634033203,236.0818634033203,236.0818634033203,7281398,0.0,0.0,JIOFIN.NS,1
2023-08-23 00:00:00+05:30,224.30023193359375,224.30023193359375,224.30023193359375,224.30023193359375,4289046,0.0,0.0,JIOFIN.NS,2
2023-08-24 00:00:00+05:30,213.11767578125,213.11767578125,213.11767578125,213.11767578125,27673356,0.0,0.0,JIOFIN.NS,3
2023-08-25 00:00:00+05:30,202.48425042804325,223.751090108265,202.48425042804325,214.16603088378906,281040185,0.0,0.0,JIOFIN.NS,4
2023-08-28 00:00:00+05:30,213.0178301776218,221.90396720216597,207.22685745784798,210.8212432861328,87522126,0.0,0.0,JIOFIN.NS,5
2023-08-29 00:00:00+05:30,211.66993379105776,221.3548286580761,206.92732914243734,219.90708923339844,92693424,0.0,0.0,JIOFIN.NS,6
2023-08-30 00:00:00+05:30,224.54983419842816,230.88995361328125,224.35014863690412,230.88995361328125,21403170,0.0,0.0,JIOFIN.NS,7
2023-08-31 00:00:00+05:30,241.32368956557008,242.42198304838664,230.79011201685617,233.13645935058594,124122179,0.0,0.0,JIOFIN.NS,8
2023-09-01 00:00:00+05:30,234.63411956193613,244.768310546875,233.83536206535717,244.768310546875,39481020,0.0,0.0,JIOFIN.NS,9
2023-09-04 00:00:00+05:30,254.9025151512389,266.534385890434,248.61232085371677,253.05538940429688,99246736,0.0,0.0,JIOFIN.NS,10
2023-09-05 00:00:00+05:30,256.599869266789,259.59519848002003,252.606096982481,254.6529083251953,47127078,0.0,0.0,JIOFIN.NS,11
2023-09-06 00:00:00+05:30,246.61543145409348,259.3954902078186,245.66691361089178,252.45632934570312,225413157,0.0,0.0,JIOFIN.NS,12
2023-09-07 00:00:00+05:30,251.6076598150584,256.89939602790463,250.85882749418025,251.40797424316406,43856832,0.0,0.0,JIOFIN.NS,13
2023-09-08 00:00:00+05:30,253.60454364800165,254.60298673323,249.11154976447406,252.8057861328125,36090005,0.0,0.0,JIOFIN.NS,14
2023-09-11 00:00:00+05:30,256.5499597414651,257.29879204605777,249.6107681975475,249.76052856445312,24982858,0.0,0.0,JIOFIN.NS,15
2023-09-12 00:00:00+05:30,251.35804350276075,251.60765427088663,240.5249300720847,243.86972045898438,39500716,0.0,0.0,JIOFIN.NS,16
2023-09-13 00:00:00+05:30,244.41886344414021,247.41419261567373,236.23163342228838,239.82601928710938,27810990,0.0,0.0,JIOFIN.NS,17
2023-09-14 00:00:00+05:30,241.6232165602431,244.16924936852473,240.87438427751505,242.17236328125,14055236,0.0,0.0,JIOFIN.NS,18
2023-09-15 00:00:00+05:30,243.42042615271447,244.2690936303983,237.27999206460683,239.0272674560547,27416106,0.0,0.0,JIOFIN.NS,19
2023-09-18 00:00:00+05:30,239.62632978679898,240.47501246547327,231.7386358586629,232.8369140625,24694419,0.0,0.0,JIOFIN.NS,20
2023-09-20 00:00:00+05:30,230.04128227006538,231.63879731105115,228.6434680354772,229.29244995117188,18317607,0.0,0.0,JIOFIN.NS,21
2023-09-21 00:00:00+05:30,229.64191009345632,235.2331974767013,226.4468952609017,227.29556274414062,33101551,0.0,0.0,JIOFIN.NS,22
2023-09-22 00:00:00+05:30,227.59508812090792,231.8883962436854,225.99758839652375,227.44532775878906,38327554,0.0,0.0,JIOFIN.NS,23
2023-09-25 00:00:00+05:30,229.64189896775537,230.49058164490978,227.14579137027977,229.3922882080078,13392150,0.0,0.0,JIOFIN.NS,24
2023-09-26 00:00:00+05:30,230.74019735472658,231.33925404995327,229.64190389426295,230.04127502441406,8058261,0.0,0.0,JIOFIN.NS,25
2023-09-27 00:00:00+05:30,230.84002930283367,230.84002930283367,226.64657155455748,226.99603271484375,10984321,0.0,0.0,JIOFIN.NS,26
2023-09-28 00:00:00+05:30,227.64501948182226,228.49370218355244,224.4000795111384,224.69961547851562,9143582,0.0,0.0,JIOFIN.NS,27
2023-09-29 00:00:00+05:30,225.5482757181375,232.53737696951,224.64968307983085,230.84002685546875,12411231,0.0,0.0,JIOFIN.NS,28
2023-10-03 00:00:00+05:30,231.1395690282182,233.5358262848219,230.1910511656056,231.0397186279297,13185432,0.0,0.0,JIOFIN.NS,29
2023-10-04 00:00:00+05:30,229.6419085081217,229.6419085081217,223.1520284850661,224.30023193359375,23296548,0.0,0.0,JIOFIN.NS,30
2023-10-05 00:00:00+05:30,225.54827853101705,227.54516462774154,223.8509283958076,225.04905700683594,13894930,0.0,0.0,JIOFIN.NS,31
2023-10-06 00:00:00+05:30,226.14735644706528,227.2955598890971,223.35171279055868,224.74954223632812,7531900,0.0,0.0,JIOFIN.NS,32
2023-10-09 00:00:00+05:30,222.65280428971707,222.65280428971707,218.50927164919037,219.30801391601562,9696908,0.0,0.0,JIOFIN.NS,33
2023-10-10 00:00:00+05:30,220.65591842109822,223.55139722944364,219.4078645838748,219.80723571777344,10451289,0.0,0.0,JIOFIN.NS,34
2023-10-11 00:00:00+05:30,221.65436261036862,227.3454850898446,220.25654839963147,224.74954223632812,11765082,0.0,0.0,JIOFIN.NS,35
2023-10-12 00:00:00+05:30,226.64657953038306,227.04595066902277,224.40008259671185,224.79945373535156,7780605,0.0,0.0,JIOFIN.NS,36
2023-10-13 00:00:00+05:30,223.6512469430608,225.54828267579714,221.65436080964065,224.2003936767578,10137218,0.0,0.0,JIOFIN.NS,37
2023-10-16 00:00:00+05:30,224.54983211056006,225.5982003426033,223.6512394745411,224.4499969482422,10850724,0.0,0.0,JIOFIN.NS,38
2023-10-17 00:00:00+05:30,231.1395647111821,232.63722927734526,220.15669122598553,220.60598754882812,34190044,0.0,0.0,JIOFIN.NS,39
2023-10-18 00:00:00+05:30,221.25498339797682,222.5529471598393,215.21439996879997,215.6636962890625,27712062,0.0,0.0,JIOFIN.NS,40
2023-10-19 00:00:00+05:30,215.6637014132759,215.6637014132759,208.72452517869775,213.8665008544922,42127110,0.0,0.0,JIOFIN.NS,41
2023-10-20 00:00:00+05:30,215.16447988222666,216.6621444753744,212.6683722269804,213.8665008544922,11101464,0.0,0.0,JIOFIN.NS,42
2023-10-23 00:00:00+05:30,213.66682368595315,213.86650925921387,203.93200344792493,206.27835083007812,17817781,0.0,0.0,JIOFIN.NS,43
2023-10-25 00:00:00+05:30,206.2783390630907,211.47023984686462,206.1784886646399,209.8227996826172,22079260,0.0,0.0,JIOFIN.NS,44
2023-10-26 00:00:00+05:30,207.67616220223093,216.66214998982747,206.12857236958283,215.51394653320312,23734035,0.0,0.0,JIOFIN.NS,45
2023-10-27 00:00:00+05:30,219.2580981470243,225.24875639983884,216.11299342327763,222.55294799804688,20929447,0.0,0.0,JIOFIN.NS,46
2023-10-30 00:00:00+05:30,224.15046385325255,225.84781398464497,217.81034441639724,218.65902709960938,13508666,0.0,0.0,JIOFIN.NS,47
2023-10-31 00:00:00+05:30,221.6543562379602,222.85248484629415,215.2144016375123,218.65902709960938,17538202,0.0,0.0,JIOFIN.NS,48
2023-11-01 00:00:00+05:30,215.66370174797794,221.70428533005503,214.96479465043072,217.31112670898438,15862624,0.0,0.0,JIOFIN.NS,49
2023-11-02 00:00:00+05:30,218.15981539919616,219.2581088933882,216.36261478826037,217.01161193847656,13261567,0.0,0.0,JIOFIN.NS,50
2023-11-03 00:00:00+05:30,218.6590286577539,220.3064536015735,217.31112444187826,218.70895385742188,8569115,0.0,0.0,JIOFIN.NS,51
2023-11-06 00:00:00+05:30,220.0568448600427,220.35638082577063,216.4125337762774,216.81190490722656,11494092,0.0,0.0,JIOFIN.NS,52
2023-11-07 00:00:00+05:30,217.56073876673628,218.45934667037457,216.16292456334185,216.86183166503906,7558170,0.0,0.0,JIOFIN.NS,53
2023-11-08 00:00:00+05:30,217.46090038780872,217.560735552272,213.46712816851024,213.8165740966797,17101608,0.0,0.0,JIOFIN.NS,54
2023-11-09 00:00:00+05:30,214.51549697100845,217.3610505435077,214.51549697100845,214.8150177001953,17250096,0.0,0.0,JIOFIN.NS,55
2023-11-10 00:00:00+05:30,214.51549466229554,222.60287419897293,214.01627313898095,221.60443115234375,18467219,0.0,0.0,JIOFIN.NS,56
2023-11-13 00:00:00+05:30,222.65281003415254,225.5482889136778,221.90397771340986,224.40008544921875,12086991,0.0,0.0,JIOFIN.NS,57
2023-11-15 00:00:00+05:30,226.59665380089183,226.99604017363257,222.8524922535042,223.80101013183594,15782001,0.0,0.0,JIOFIN.NS,58
2023-11-16 00:00:00+05:30,225.14890978152602,228.94299645234528,223.50148482835692,226.59664916992188,17856032,0.0,0.0,JIOFIN.NS,59
2023-11-17 00:00:00+05:30,225.6481388251244,225.6481388251244,220.0568514150906,220.45623779296875,19607105,0.0,0.0,JIOFIN.NS,60
2023-11-20 00:00:00+05:30,221.40474346895508,221.40474346895508,214.71517816763222,215.1644744873047,20403368,0.0,0.0,JIOFIN.NS,61
2023-11-21 00:00:00+05:30,217.06151881339665,222.80256650528995,216.21285133909268,219.85716247558594,25625463,0.0,0.0,JIOFIN.NS,62
2023-11-22 00:00:00+05:30,219.35793275440466,223.05216895394005,218.15980415388395,221.55450439453125,15012272,0.0,0.0,JIOFIN.NS,63
2023-11-23 00:00:00+05:30,222.15358669474975,222.90241900945114,219.25810783858395,220.90553283691406,11267951,0.0,0.0,JIOFIN.NS,64
2023-11-24 00:00:00+05:30,221.554509934924,227.4952583571641,220.15669573853347,226.14735412597656,31420610,0.0,0.0,JIOFIN.NS,65
2023-11-28 00:00:00+05:30,227.69493923918122,231.93832217632982,224.94922086808504,225.99758911132812,25668670,0.0,0.0,JIOFIN.NS,66
2023-11-29 00:00:00+05:30,228.99292426093587,228.99292426093587,223.85093330801485,225.69805908203125,14007708,0.0,0.0,JIOFIN.NS,67
2023-11-30 00:00:00+05:30,225.69805631747585,231.43910390121926,222.3033407791127,229.04283142089844,45432216,0.0,0.0,JIOFIN.NS,68
2023-12-01 00:00:00+05:30,231.0896436954485,231.23941929579533,224.49992862605427,225.14891052246094,17634910,0.0,0.0,JIOFIN.NS,69
2023-12-04 00:00:00+05:30,229.39229907968482,231.63879602388195,227.54517327599865,229.74176025390625,21079668,0.0,0.0,JIOFIN.NS,70
2023-12-05 00:00:00+05:30,230.6403415955219,245.61698715367268,229.04282664197316,242.1224365234375,60847483,0.0,0.0,JIOFIN.NS,71
2023-12-06 00:00:00+05:30,244.5186977903048,251.2082784390283,242.6216620820301,246.6653594970703,45262704,0.0,0.0,JIOFIN.NS,72
2023-12-07 00:00:00+05:30,248.61232459435138,250.30967476746702,244.71840271279007,248.7620849609375,23000400,0.0,0.0,JIOFIN.NS,73
2023-12-08 00:00:00+05:30,248.61232505337608,250.10998966213134,239.62633740084442,243.86972045898438,19056798,0.0,0.0,JIOFIN.NS,74
2023-12-11 00:00:00+05:30,244.4687885569925,246.615435035148,242.67158800770568,245.21762084960938,8875953,0.0,0.0,JIOFIN.NS,75
2023-12-12 00:00:00+05:30,245.66691278862186,246.91496658734985,237.92897923650838,240.17547607421875,12749596,0.0,0.0,JIOFIN.NS,76
2023-12-13 00:00:00+05:30,241.62322113387154,242.02259226487337,234.9835808620156,239.37672424316406,13774944,0.0,0.0,JIOFIN.NS,77
2023-12-14 00:00:00+05:30,242.52180851234445,243.3704911910233,237.67936890556263,238.228515625,14352896,0.0,0.0,JIOFIN.NS,78
2023-12-15 00:00:00+05:30,239.62633076997656,242.22228878066403,236.0319297144142,237.2799835205078,26225287,0.0,0.0,JIOFIN.NS,79
2023-12-18 00:00:00+05:30,240.6247752163965,241.82290383021865,237.23007493806176,239.77609252929688,17001755,0.0,0.0,JIOFIN.NS,80
2023-12-19 00:00:00+05:30,239.92587172703924,240.42509325987325,237.52959922841663,237.92898559570312,13053454,0.0,0.0,JIOFIN.NS,81
2023-12-20 00:00:00+05:30,238.52804829012427,247.81357208126002,229.6918360778595,231.7386474609375,44628843,0.0,0.0,JIOFIN.NS,82
2023-12-21 00:00:00+05:30,230.49059356252093,238.32836268283037,228.6434677508699,237.62945556640625,17015304,0.0,0.0,JIOFIN.NS,83
2023-12-22 00:00:00+05:30,238.37827954398037,239.37672259966197,234.23474695691456,236.3813934326172,10871312,0.0,0.0,JIOFIN.NS,84
2023-12-26 00:00:00+05:30,236.88061227793568,237.62944456121684,233.33613642339859,234.33457946777344,11865886,0.0,0.0,JIOFIN.NS,85
2023-12-27 00:00:00+05:30,235.632567316039,236.88062116834854,232.63723807049612,233.63568115234375,12430460,0.0,0.0,JIOFIN.NS,86
2023-12-28 00:00:00+05:30,234.6341192922747,235.98202351839208,232.18793684027656,232.9866943359375,10533952,0.0,0.0,JIOFIN.NS,87
2023-12-29 00:00:00+05:30,233.53582866328853,234.83380770509828,231.88840368697416,232.58731079101562,11614923,0.0,0.0,JIOFIN.NS,88
2024-01-01 00:00:00+05:30,232.9867010514045,236.03194028664845,232.93677584991818,234.18482971191406,7919961,0.0,0.0,JIOFIN.NS,89
2024-01-02 00:00:00+05:30,234.6341203760554,235.63256344148542,231.63879117976532,234.98358154296875,9216592,0.0,0.0,JIOFIN.NS,90
2024-01-03 00:00:00+05:30,235.03349563475254,235.63256757854143,233.1863850722961,234.13490295410156,9864949,0.0,0.0,JIOFIN.NS,91
2024-01-04 00:00:00+05:30,238.47813698395942,242.87128046464088,236.4313256123794,241.02415466308594,32808937,0.0,0.0,JIOFIN.NS,92
2024-01-05 00:00:00+05:30,244.11932783545132,247.8135641053822,241.1239986595562,243.27064514160156,29722064,0.0,0.0,JIOFIN.NS,93
2024-01-08 00:00:00+05:30,246.46568219309592,246.51559215943476,239.92587692429888,242.02259826660156,21118013,0.0,0.0,JIOFIN.NS,94
2024-01-09 00:00:00+05:30,243.52025508302685,244.26908737446917,241.12399784442425,241.77297973632812,10689245,0.0,0.0,JIOFIN.NS,95
2024-01-10 00:00:00+05:30,241.62322791121647,241.92276388538562,238.92743461375898,240.57485961914062,11798543,0.0,0.0,JIOFIN.NS,96
2024-01-11 00:00:00+05:30,242.62166447151606,253.00546623965863,240.27531717788156,251.15835571289062,45792818,0.0,0.0,JIOFIN.NS,97
2024-01-12 00:00:00+05:30,254.60298312463502,258.94621657783284,253.30500408522846,254.6529083251953,46763296,0.0,0.0,JIOFIN.NS,98
2024-01-15 00:00:00+05:30,254.6529083251953,254.6529083251953,254.6529083251953,254.6529083251953,0,0.0,0.0,JIOFIN.NS,99
2024-01-16 00:00:00+05:30,253.70439643718953,257.59831841219807,246.11622282405747,248.4625701904297,70456857,0.0,0.0,JIOFIN.NS,100
2024-01-17 00:00:00+05:30,246.61543177842992,246.61543177842992,241.77297692277597,242.17236328125,28318086,0.0,0.0,JIOFIN.NS,101
2024-01-18 00:00:00+05:30,243.0709624225264,247.51403103844632,238.67781900712896,242.87127685546875,24804800,0.0,0.0,JIOFIN.NS,102
2024-01-19 00:00:00+05:30,245.467236529302,248.76208649477,245.01792495670884,245.86660766601562,16563079,0.0,0.0,JIOFIN.NS,103
2024-01-23 00:00:00+05:30,247.46412421595812,247.66380978555196,239.62633992038263,240.0257110595703,13184700,0.0,0.0,JIOFIN.NS,104
2024-01-24 00:00:00+05:30,239.62633500879824,241.17392480273645,236.73085622145476,239.37672424316406,15276800,0.0,0.0,JIOFIN.NS,105
2024-01-25 00:00:00+05:30,240.02570926230223,242.27220618223444,238.52804464901405,239.47657775878906,12352497,0.0,0.0,JIOFIN.NS,106
2024-01-29 00:00:00+05:30,241.62321964583074,254.0039074510258,239.6263335330553,250.6092071533203,41148261,0.0,0.0,JIOFIN.NS,107
2024-01-30 00:00:00+05:30,252.75585801824496,253.55461552422756,246.71528961026382,247.31434631347656,15292451,0.0,0.0,JIOFIN.NS,108
2024-01-31 00:00:00+05:30,247.26442293039818,250.2098422075499,245.71684834278167,247.86349487304688,15183900,0.0,0.0,JIOFIN.NS,109
2024-02-01 00:00:00+05:30,250.60920487077001,254.30344109875108,248.8120043386346,252.00701904296875,24323325,0.0,0.0,JIOFIN.NS,110
2024-02-02 00:00:00+05:30,252.1068671944877,256.8993815907536,250.20983151555177,253.40484619140625,30218956,0.0,0.0,JIOFIN.NS,111
2024-02-05 00:00:00+05:30,255.9508912673789,295.2396328073523,255.3018941202635,288.64990234375,211028604,0.0,0.0,JIOFIN.NS,112
2024-02-06 00:00:00+05:30,285.2552033184998,285.2552033184998,265.63577220211243,270.5281677246094,86635613,0.0,0.0,JIOFIN.NS,113
2024-02-07 00:00:00+05:30,273.02427570850654,275.2707726656142,266.9836767195781,268.08197021484375,30963705,0.0,0.0,JIOFIN.NS,114
2024-02-08 00:00:00+05:30,269.57964124425325,269.9790123965279,261.54218635073795,262.3908386230469,21948925,0.0,0.0,JIOFIN.NS,115
2024-02-09 00:00:00+05:30,263.9883348944259,275.8698010309821,257.9976766269122,272.574951171875,51120889,0.0,0.0,JIOFIN.NS,116
2024-02-12 00:00:00+05:30,275.6701282902349,280.66234346944935,267.28321288316727,271.0273742675781,47043875,0.0,0.0,JIOFIN.NS,117
2024-02-13 00:00:00+05:30,270.02894102271193,274.9712159472981,263.28945028640527,272.3253479003906,31220101,0.0,0.0,JIOFIN.NS,118
2024-02-14 00:00:00+05:30,269.47977163964686,274.57183726104626,268.13186743544355,272.574951171875,21374190,0.0,0.0,JIOFIN.NS,119
2024-02-15 00:00:00+05:30,274.57185467373864,278.5656271053566,272.57496845792963,273.6233215332031,19477720,0.0,0.0,JIOFIN.NS,120
2024-02-16 00:00:00+05:30,274.8713542643449,276.31910884741535,270.5780614187879,271.4766540527344,14337059,0.0,0.0,JIOFIN.NS,121
2024-02-19 00:00:00+05:30,272.8245624904215,276.66857431394243,271.4766582834643,273.5733947753906,18390283,0.0,0.0,JIOFIN.NS,122
2024-02-20 00:00:00+05:30,273.77309085360656,288.8495562217219,273.17401894194495,281.26141357421875,55688591,0.0,0.0,JIOFIN.NS,123
2024-02-21 00:00:00+05:30,283.55783701593845,294.0414894408235,282.759094733497,289.6483459472656,64130106,0.0,0.0,JIOFIN.NS,124
2024-02-22 00:00:00+05:30,291.24584526649966,304.8246461556779,290.6467733519622,302.37847900390625,75689296,0.0,0.0,JIOFIN.NS,125
2024-02-23 00:00:00+05:30,305.32388668899654,346.45975444842003,304.87460557765877,333.4300842285156,270077122,0.0,0.0,JIOFIN.NS,126
2024-02-26 00:00:00+05:30,339.9199404745069,347.4581731346618,325.242815800621,327.28961181640625,107359705,0.0,0.0,JIOFIN.NS,127
2024-02-27 00:00:00+05:30,328.7872929114854,338.1726822068672,316.0571436857983,318.0041198730469,57002014,0.0,0.0,JIOFIN.NS,128
2024-02-28 00:00:00+05:30,319.5017725536592,321.94797018779855,305.57347996837274,307.8199768066406,48176158,0.0,0.0,JIOFIN.NS,129
2024-02-29 00:00:00+05:30,311.5142507245464,321.4986818375126,307.5204782793599,309.5173645019531,81356675,0.0,0.0,JIOFIN.NS,130
2024-03-01 00:00:00+05:30,313.011916207311,321.0993115239054,311.0649399471818,317.4050598144531,37623310,0.0,0.0,JIOFIN.NS,131
2024-03-04 00:00:00+05:30,329.4363106281767,330.98388523385347,320.1008616173114,322.0977478027344,24183886,0.0,0.0,JIOFIN.NS,132
2024-03-05 00:00:00+05:30,323.49556465865373,327.3894866577541,319.0025707050613,321.19915771484375,18301432,0.0,0.0,JIOFIN.NS,133
2024-03-06 00:00:00+05:30,322.44718822502676,333.380121104485,320.84967328549874,325.8418884277344,53717380,0.0,0.0,JIOFIN.NS,134
2024-03-07 00:00:00+05:30,328.4877621219177,336.8746776139965,323.6952476893194,333.380126953125,35988723,0.0,0.0,JIOFIN.NS,135
2024-03-11 00:00:00+05:30,336.37547480562097,359.2897561733639,331.93242128592857,355.0962829589844,121739384,0.0,0.0,JIOFIN.NS,136
2024-03-12 00:00:00+05:30,359.4394953707487,373.9169194898483,358.19144156737804,361.28662109375,111054091,0.0,0.0,JIOFIN.NS,137
2024-03-13 00:00:00+05:30,363.1337546602172,366.328754183818,323.99477435311013,327.68902587890625,99102083,0.0,0.0,JIOFIN.NS,138
2024-03-14 00:00:00+05:30,327.48932002038777,340.96830117976344,317.5048895319613,337.8232116699219,74698602,0.0,0.0,JIOFIN.NS,139
2024-03-15 00:00:00+05:30,339.4706521369652,348.3068796174845,335.9261913394435,344.2132568359375,55087417,0.0,0.0,JIOFIN.NS,140
2024-03-18 00:00:00+05:30,346.4098417137384,359.13999109103435,341.96675778226404,352.0010986328125,48365406,0.0,0.0,JIOFIN.NS,141
2024-03-19 00:00:00+05:30,352.84975884375075,357.3427524550126,346.45972957952426,352.7499084472656,42007913,0.0,0.0,JIOFIN.NS,142
2024-03-20 00:00:00+05:30,352.7499372296532,355.7952069855785,335.1274224993752,336.97454833984375,50983696,0.0,0.0,JIOFIN.NS,143
2024-03-21 00:00:00+05:30,343.96362587739156,347.7576972258948,336.57515350553285,338.17266845703125,28731856,0.0,0.0,JIOFIN.NS,144
2024-03-22 00:00:00+05:30,337.47376289581314,346.35990026266626,336.17579907270135,344.1134033203125,20548126,0.0,0.0,JIOFIN.NS,145
2024-03-26 00:00:00+05:30,344.4628500606076,351.9511728880121,343.01509545928394,345.6110534667969,27168989,0.0,0.0,JIOFIN.NS,146
2024-03-27 00:00:00+05:30,347.70779402558605,355.04635657642024,347.45818326174856,350.15399169921875,50090709,0.0,0.0,JIOFIN.NS,147
2024-03-28 00:00:00+05:30,354.29754277980845,357.19302169745885,349.85445876353987,353.1992492675781,22677067,0.0,0.0,JIOFIN.NS,148
2024-04-01 00:00:00+05:30,356.4441665559502,363.63296865770906,355.0463523889592,356.3942565917969,23644472,0.0,0.0,JIOFIN.NS,149
2024-04-02 00:00:00+05:30,358.44107265995086,362.28508468638955,355.9449649116225,356.5440368652344,29684726,0.0,0.0,JIOFIN.NS,150
2024-04-03 00:00:00+05:30,355.9449649116225,359.2398149513898,352.65011487185524,356.5440368652344,17920490,0.0,0.0,JIOFIN.NS,151
2024-04-04 00:00:00+05:30,358.8404215980762,367.2273370194045,357.442607439532,360.7374572753906,33926426,0.0,0.0,JIOFIN.NS,152
2024-04-05 00:00:00+05:30,360.43794015185847,374.2663824539134,358.4909640211845,372.61895751953125,46979676,0.0,0.0,JIOFIN.NS,153
2024-04-08 00:00:00+05:30,375.4146007003216,378.11040922316374,366.9777444274081,368.67510986328125,32853747,0.0,0.0,JIOFIN.NS,154
2024-04-09 00:00:00+05:30,370.42238293724665,374.1166345238381,364.8310955913508,367.1275329589844,23367026,0.0,0.0,JIOFIN.NS,155
2024-04-10 00:00:00+05:30,369.07448773187207,371.820206271088,366.97775111700315,369.8732604980469,16540320,0.0,0.0,JIOFIN.NS,156
2024-04-12 00:00:00+05:30,369.57368738964004,378.2601540780242,367.6267417319427,371.6205139160156,32481005,0.0,0.0,JIOFIN.NS,157
2024-04-15 00:00:00+05:30,361.4363755417667,362.3849086048325,350.4535022518235,353.74835205078125,46281481,0.0,0.0,JIOFIN.NS,158
2024-04-16 00:00:00+05:30,364.331860185949,371.3709019189976,359.53934576903106,361.28662109375,48921026,0.0,0.0,JIOFIN.NS,159
2024-04-18 00:00:00+05:30,368.5752536421149,383.8015104780243,366.42860713303236,377.81085205078125,75356224,0.0,0.0,JIOFIN.NS,160
2024-04-19 00:00:00+05:30,377.4114670725562,377.5113174700272,368.076018605188,369.5237731933594,39515729,0.0,0.0,JIOFIN.NS,161
2024-04-22 00:00:00+05:30,377.41149224812074,384.2508335852545,374.6657737198606,382.10418701171875,48640726,0.0,0.0,JIOFIN.NS,162
2024-04-23 00:00:00+05:30,386.3974751788537,394.08549914692406,384.4005890022188,387.34600830078125,35550933,0.0,0.0,JIOFIN.NS,163
2024-04-24 00:00:00+05:30,390.0917204458977,390.89046271552814,378.90914585068435,381.2554931640625,27660953,0.0,0.0,JIOFIN.NS,164
2024-04-25 00:00:00+05:30,381.25549185037386,386.7469287278388,379.657976846553,381.70477294921875,17043110,0.0,0.0,JIOFIN.NS,165
2024-04-26 00:00:00+05:30,383.70165727338764,384.2508192405778,379.9574957837173,381.1556396484375,14131318,0.0,0.0,JIOFIN.NS,166
2024-04-29 00:00:00+05:30,383.0027724222406,384.1509758727466,377.46139503404515,379.9075927734375,16136167,0.0,0.0,JIOFIN.NS,167
2024-04-30 00:00:00+05:30,379.9075755314106,383.20242536507686,374.9153603470294,376.41302490234375,16844939,0.0,0.0,JIOFIN.NS,168
2024-05-02 00:00:00+05:30,376.4130309297046,380.7562643036755,371.92003719181685,379.05889892578125,19658857,0.0,0.0,JIOFIN.NS,169
2024-05-03 00:00:00+05:30,379.9574817650858,385.24924809061724,373.76715327926325,375.3147277832031,21862922,0.0,0.0,JIOFIN.NS,170
2024-05-06 00:00:00+05:30,377.5113378044678,378.3100800871331,367.22735571227895,369.6735534667969,13990739,0.0,0.0,JIOFIN.NS,171
2024-05-07 00:00:00+05:30,369.6735459712514,370.12285753993086,353.0494749810743,355.6953430175781,29499389,0.0,0.0,JIOFIN.NS,172
2024-05-08 00:00:00+05:30,354.44730236475135,363.23358950295,351.55182345353126,354.6470031738281,20022506,0.0,0.0,JIOFIN.NS,173
2024-05-09 00:00:00+05:30,356.44418980732314,358.6906868019071,344.0635013534068,344.86224365234375,23209803,0.0,0.0,JIOFIN.NS,174
2024-05-10 00:00:00+05:30,345.86068646769036,348.45664464213195,336.27562653824896,347.3084411621094,24450324,0.0,0.0,JIOFIN.NS,175
2024-05-13 00:00:00+05:30,347.30842232963226,347.35833229429255,334.8777941228243,340.81854248046875,20674537,0.0,0.0,JIOFIN.NS,176
2024-05-14 00:00:00+05:30,343.4644194231195,353.14932948441356,341.6672340676523,351.9012756347656,19646171,0.0,0.0,JIOFIN.NS,177
2024-05-15 00:00:00+05:30,353.49874258959056,358.2413469821726,350.753024257043,353.299072265625,16860136,0.0,0.0,JIOFIN.NS,178
2024-05-16 00:00:00+05:30,355.84509659306417,358.59081497799536,351.8513243968007,354.4971923828125,12290684,0.0,0.0,JIOFIN.NS,179
2024-05-17 00:00:00+05:30,356.4441895712246,357.8420038284712,354.44730335513935,356.6438903808594,8815474,0.0,0.0,JIOFIN.NS,180
2024-05-21 00:00:00+05:30,360.43793300412733,361.6360768254073,355.196107108638,357.1929931640625,11792817,0.0,0.0,JIOFIN.NS,181
2024-05-22 00:00:00+05:30,358.44107445086064,360.1384399162307,354.647002842471,357.0931701660156,12042414,0.0,0.0,JIOFIN.NS,182
2024-05-23 00:00:00+05:30,357.09314836717175,375.414584307019,356.8435376063293,367.17742919921875,37524603,0.0,0.0,JIOFIN.NS,183
2024-05-24 00:00:00+05:30,367.9262647611248,370.1228516641421,363.6329718243936,364.8310852050781,18501102,0.0,0.0,JIOFIN.NS,184
2024-05-27 00:00:00+05:30,367.4270448897019,368.026116817774,358.59081774331446,359.4894104003906,15955078,0.0,0.0,JIOFIN.NS,185
2024-05-28 00:00:00+05:30,360.43793557673945,363.1836539225456,354.69688812641743,356.2944030761719,9228162,0.0,0.0,JIOFIN.NS,186
2024-05-29 00:00:00+05:30,354.44729932551957,355.5955027927019,347.55804805236056,348.6563415527344,15141731,0.0,0.0,JIOFIN.NS,187
2024-05-30 00:00:00+05:30,348.2070307453959,350.9527492674026,345.960533772845,347.2085876464844,9873346,0.0,0.0,JIOFIN.NS,188
2024-05-31 00:00:00+05:30,354.49719573500573,357.34276454576445,341.5673764093741,343.8138732910156,34213953,0.0,0.0,JIOFIN.NS,189
2024-06-03 00:00:00+05:30,367.42706003290004,367.42706003290004,353.249155854474,355.54559326171875,24058623,0.0,0.0,JIOFIN.NS,190
2024-06-04 00:00:00+05:30,357.442627963468,357.442627963468,306.82155086553183,332.431640625,59211461,0.0,0.0,JIOFIN.NS,191
2024-06-05 00:00:00+05:30,338.47219001854455,347.35832696631667,326.4908735577111,345.0619201660156,24785002,0.0,0.0,JIOFIN.NS,192
2024-06-06 00:00:00+05:30,349.45505945905626,352.2506877467035,347.5080833683306,348.8559875488281,16246617,0.0,0.0,JIOFIN.NS,193
2024-06-07 00:00:00+05:30,349.15554843455266,354.7967455998847,346.4597399986986,352.60015869140625,22668347,0.0,0.0,JIOFIN.NS,194
2024-06-10 00:00:00+05:30,354.6968998505174,356.7936363869964,348.1571099441846,349.8045349121094,15670416,0.0,0.0,JIOFIN.NS,195
2024-06-11 00:00:00+05:30,351.2023459849062,353.94806439701273,349.0057590671953,349.7046813964844,12762033,0.0,0.0,JIOFIN.NS,196
2024-06-12 00:00:00+05:30,351.4020435578458,362.93404859477107,351.00264196188306,360.3880310058594,29997548,0.0,0.0,JIOFIN.NS,197
2024-06-13 00:00:00+05:30,364.4317238524485,365.8295380691025,357.6423231029493,360.2382507324219,27424843,0.0,0.0,JIOFIN.NS,198
2024-06-14 00:00:00+05:30,361.4363988026852,362.1852311206465,355.5455906620688,356.4441833496094,19858187,0.0,0.0,JIOFIN.NS,199
2024-06-18 00:00:00+05:30,358.19143780304364,364.43170675431617,357.04323441002214,362.634521484375,22666205,0.0,0.0,JIOFIN.NS,200
2024-06-19 00:00:00+05:30,363.38335397622427,363.38335397622427,356.4940726738415,357.74212646484375,15717813,0.0,0.0,JIOFIN.NS,201
2024-06-20 00:00:00+05:30,358.34122491274894,367.7265840220336,357.4426322107016,364.9808654785156,33575312,0.0,0.0,JIOFIN.NS,202
2024-06-21 00:00:00+05:30,365.4301700892045,366.2289123713189,358.5908288446149,360.3381042480469,21075778,0.0,0.0,JIOFIN.NS,203
2024-06-24 00:00:00+05:30,355.4457348346705,355.84510597080885,351.75148326774496,354.7967529296875,16858520,0.0,0.0,JIOFIN.NS,204
2024-06-25 00:00:00+05:30,356.3942607569164,361.93560752548797,355.69533843022094,358.490966796875,13212387,0.0,0.0,JIOFIN.NS,205
2024-06-26 00:00:00+05:30,358.3911514895266,359.1399837906162,352.60016341239475,355.6953430175781,27206818,0.0,0.0,JIOFIN.NS,206
2024-06-27 00:00:00+05:30,355.6953369857764,357.8419834518182,347.45818181347425,353.0494689941406,18689181,0.0,0.0,JIOFIN.NS,207
2024-06-28 00:00:00+05:30,356.44417328122296,361.4363885932849,354.8466582873503,357.5923767089844,23411225,0.0,0.0,JIOFIN.NS,208
2024-07-01 00:00:00+05:30,357.5923784075896,357.84198917437834,351.5018696039306,352.2507019042969,15688767,0.0,0.0,JIOFIN.NS,209
2024-07-02 00:00:00+05:30,352.6501086966063,354.8966056307635,349.455078646668,350.4535217285156,12146516,0.0,0.0,JIOFIN.NS,210
2024-07-03 00:00:00+05:30,352.450417229949,355.84511770415634,349.1555671605847,350.7530517578125,12102104,0.0,0.0,JIOFIN.NS,211
2024-07-04 00:00:00+05:30,351.451944839946,356.29439960575905,349.7545795092279,350.3037414550781,11944846,0.0,0.0,JIOFIN.NS,212
2024-07-05 00:00:00+05:30,350.3037698565541,354.2476018434674,348.5564944209421,352.2008056640625,15513571,0.0,0.0,JIOFIN.NS,213
2024-07-08 00:00:00+05:30,352.450415724255,352.99954724344786,346.65945790887974,347.7577209472656,11525948,0.0,0.0,JIOFIN.NS,214
2024-07-09 00:00:00+05:30,348.55646558396734,353.14930958589684,348.0073036390265,349.3052978515625,8908509,0.0,0.0,JIOFIN.NS,215
2024-07-10 00:00:00+05:30,349.85443129939074,350.3536528139361,343.56425240414416,347.40826416015625,11556794,0.0,0.0,JIOFIN.NS,216
2024-07-11 00:00:00+05:30,348.9558417512049,350.80296746535987,346.459734156418,347.5080871582031,8045640,0.0,0.0,JIOFIN.NS,217
2024-07-12 00:00:00+05:30,353.9480675496367,355.8451032845217,349.45507374435215,349.8045349121094,16327807,0.0,0.0,JIOFIN.NS,218
2024-07-15 00:00:00+05:30,353.74835573547495,356.1446433997458,351.1524282159538,354.8466491699219,15488346,0.0,0.0,JIOFIN.NS,219
2024-07-16 00:00:00+05:30,349.45506730976535,349.80452847108785,342.56581636252844,343.7140197753906,25005251,0.0,0.0,JIOFIN.NS,220
2024-07-18 00:00:00+05:30,345.06192769082287,345.611059185894,335.4768682191209,336.4753112792969,25188963,0.0,0.0,JIOFIN.NS,221
2024-07-19 00:00:00+05:30,336.5252297814592,341.4675352427352,331.5330143539338,338.22259521484375,15349322,0.0,0.0,JIOFIN.NS,222
2024-07-22 00:00:00+05:30,338.22260243012823,342.46598563404865,333.7795184168206,340.419189453125,12279130,0.0,0.0,JIOFIN.NS,223
2024-07-23 00:00:00+05:30,341.4675222888129,341.4675222888129,325.4924335267632,334.3785705566406,13863332,0.0,0.0,JIOFIN.NS,224
2024-07-24 00:00:00+05:30,334.7280255209734,338.4721868802684,334.07904364604155,334.17889404296875,8729363,0.0,0.0,JIOFIN.NS,225
2024-07-25 00:00:00+05:30,332.48154094481754,333.1305228436399,327.48932561531575,328.6874694824219,12201643,0.0,0.0,JIOFIN.NS,226
2024-07-26 00:00:00+05:30,329.33644369678194,336.1258441984604,329.03689250196277,331.38323974609375,9688122,0.0,0.0,JIOFIN.NS,227
2024-07-29 00:00:00+05:30,333.97920608828434,334.67812842358,328.9869907506418,329.6859130859375,12628377,0.0,0.0,JIOFIN.NS,228
2024-07-30 00:00:00+05:30,330.48464414984943,331.23347642511345,328.5876084798599,328.83721923828125,8705901,0.0,0.0,JIOFIN.NS,229
2024-07-31 00:00:00+05:30,328.83723863089796,330.7342744127619,326.9901128156363,327.9885559082031,12402209,0.0,0.0,JIOFIN.NS,230
2024-08-01 00:00:00+05:30,328.48778368487814,332.38170572573136,327.73895135124997,328.1882629394531,13137038,0.0,0.0,JIOFIN.NS,231
2024-08-02 00:00:00+05:30,325.4425446839853,327.7389516545438,324.04469995053336,325.7420654296875,7284359,0.0,0.0,JIOFIN.NS,232
2024-08-05 00:00:00+05:30,317.454989113829,321.6983721990143,314.50956984314513,316.5563659667969,16751766,0.0,0.0,JIOFIN.NS,233
2024-08-06 00:00:00+05:30,316.6562226773533,321.49867780034674,309.51736061524065,310.8652648925781,12640387,0.0,0.0,JIOFIN.NS,234
2024-08-07 00:00:00+05:30,315.9573221220504,336.6750158529116,312.81220207119344,329.2366027832031,20755735,0.0,0.0,JIOFIN.NS,235
2024-08-08 00:00:00+05:30,329.486216367202,330.2849586430966,323.4955578877983,325.8918151855469,9648681,0.0,0.0,JIOFIN.NS,236
2024-08-09 00:00:00+05:30,329.68592295541663,329.9854436966159,323.9947851121085,325.09307861328125,7793704,0.0,0.0,JIOFIN.NS,237
2024-08-12 00:00:00+05:30,324.49400992268664,330.4347586000667,321.7982013445335,328.6375427246094,12463583,0.0,0.0,JIOFIN.NS,238
2024-08-13 00:00:00+05:30,328.9869900529494,335.9760915108269,321.49866706236634,322.796630859375,15172143,0.0,0.0,JIOFIN.NS,239
2024-08-14 00:00:00+05:30,325.4924345573341,325.8418957191231,318.7030339999919,319.70147705078125,8040049,0.0,0.0,JIOFIN.NS,240
2024-08-16 00:00:00+05:30,323.49556632544454,329.0369133754005,319.0524823159732,327.63909912109375,16446600,0.0,0.0,JIOFIN.NS,241
2024-08-19 00:00:00+05:30,331.4331814842033,333.97919906483355,328.2880615115777,330.9339599609375,13708990,0.0,0.0,JIOFIN.NS,242
2024-08-20 00:00:00+05:30,331.8824549334001,337.4238319961302,331.4830838179934,333.6297302246094,15772046,0.0,0.0,JIOFIN.NS,243
2024-08-21 00:00:00+05:30,335.37701767255305,336.7249218972145,328.9869881842318,330.5845031738281,18916856,0.0,0.0,JIOFIN.NS,244
2024-08-22 00:00:00+05:30,331.6828111906125,332.88092463284505,328.3879306668257,329.08685302734375,8368346,0.0,0.0,JIOFIN.NS,245
2024-08-23 00:00:00+05:30,329.48622445919335,333.18047613358016,326.19137440262756,326.6406555175781,8935180,0.0,0.0,JIOFIN.NS,246
2024-08-26 00:00:00+05:30,332.1820341765431,333.6796988383489,321.2490699573349,322.7467346191406,26118300,0.0,0.0,JIOFIN.NS,247
2024-08-27 00:00:00+05:30,323.9947840970979,326.09152068911993,321.14921518435847,323.09619140625,16600233,0.0,0.0,JIOFIN.NS,248
2024-08-28 00:00:00+05:30,326.49089577070407,329.73583586628445,320.40038672806315,321.748291015625,21470187,0.0,0.0,JIOFIN.NS,249
2024-08-29 00:00:00+05:30,323.74516067015537,332.58138780327647,322.99632837870547,325.1429748535156,33808226,0.0,0.0,JIOFIN.NS,250
2024-08-30 00:00:00+05:30,327.1398758825545,331.083738318734,320.1507741769663,321.19915771484375,27498340,0.0,0.0,JIOFIN.NS,251
2024-09-02 00:00:00+05:30,323.3957022531422,348.80609041348987,322.6468699553331,344.3630065917969,65333808,0.0,0.0,JIOFIN.NS,252
2024-09-03 00:00:00+05:30,350.453527446735,354.4472998392904,341.9667611125548,349.65478515625,65293715,0.0,0.0,JIOFIN.NS,253
2024-09-04 00:00:00+05:30,344.4628673513784,349.75460356034455,342.51589113049675,346.6594543457031,22005759,0.0,0.0,JIOFIN.NS,254
2024-09-05 00:00:00+05:30,348.05725683980904,349.90438259498,343.46441266940303,344.81231689453125,16406870,0.0,0.0,JIOFIN.NS,255
2024-09-06 00:00:00+05:30,344.46286662654427,345.3115493484778,335.47687880150403,336.3255615234375,17265092,0.0,0.0,JIOFIN.NS,256
2024-09-09 00:00:00+05:30,337.423837864159,345.3115317933493,328.78728118422134,341.1679992675781,18687398,0.0,0.0,JIOFIN.NS,257
2024-09-10 00:00:00+05:30,343.41449551370687,359.18988334471265,340.3193159982387,350.9527282714844,60920830,0.0,0.0,JIOFIN.NS,258
2024-09-11 00:00:00+05:30,351.95119212673046,354.8466710175898,342.51589266041333,343.7639465332031,22779115,0.0,0.0,JIOFIN.NS,259
2024-09-12 00:00:00+05:30,345.76082037480717,351.4020480542948,341.7670481245867,349.25537109375,18880957,0.0,0.0,JIOFIN.NS,260
2024-09-13 00:00:00+05:30,349.80453723898404,353.84821950261266,346.35989644399336,351.35211181640625,17631913,0.0,0.0,JIOFIN.NS,261
2024-09-16 00:00:00+05:30,351.45195747347344,354.1477659262104,346.4597421684525,348.2569274902344,11639025,0.0,0.0,JIOFIN.NS,262
2024-09-17 00:00:00+05:30,348.15711969434375,354.94652055777436,343.4644249560461,351.1025085449219,14931440,0.0,0.0,JIOFIN.NS,263
2024-09-18 00:00:00+05:30,349.9542949335277,352.7000133673856,344.56270846651046,346.3598937988281,12141036,0.0,0.0,JIOFIN.NS,264
2024-09-19 00:00:00+05:30,348.2070271071633,349.95430251200213,337.92307548385224,346.11029052734375,17295767,0.0,0.0,JIOFIN.NS,265
2024-09-20 00:00:00+05:30,347.8575620973398,355.3458851783821,347.80765213149203,353.3489990234375,38491941,0.0,0.0,JIOFIN.NS,266
2024-09-23 00:00:00+05:30,353.7983062110694,360.63764730099547,351.70156968035326,353.6984558105469,22868793,0.0,0.0,JIOFIN.NS,267
2024-09-24 00:00:00+05:30,353.24914941633364,355.44573637973997,348.55648522369614,351.9012756347656,20086102,0.0,0.0,JIOFIN.NS,268
2024-09-25 00:00:00+05:30,351.1524389064777,354.44728884006383,348.4566304371332,352.2507019042969,13663033,0.0,0.0,JIOFIN.NS,269
2024-09-26 00:00:00+05:30,351.9511657697194,353.04945918953825,348.40670522446095,349.3052978515625,11584354,0.0,0.0,JIOFIN.NS,270
2024-09-27 00:00:00+05:30,349.4550723716539,362.43483220260106,348.55647970813965,358.5908203125,61551034,0.0,0.0,JIOFIN.NS,271
2024-09-30 00:00:00+05:30,356.4441675869379,357.59237099635646,349.05569513713175,350.05413818359375,26763318,0.0,0.0,JIOFIN.NS,272
2024-10-01 00:00:00+05:30,351.4519648103633,352.4504078922109,345.71091708973944,350.4535217285156,16421563,0.0,0.0,JIOFIN.NS,273
2024-10-03 00:00:00+05:30,344.4628482489613,349.9542849601766,338.52209998243933,345.0619201660156,24232870,0.0,0.0,JIOFIN.NS,274
2024-10-04 00:00:00+05:30,342.9651859545634,344.7623712475226,335.97608463962325,338.2724914550781,18945511,0.0,0.0,JIOFIN.NS,275
2024-10-07 00:00:00+05:30,345.56114415694907,348.3567724964481,328.6874627812605,335.8263244628906,38001804,0.0,0.0,JIOFIN.NS,276
2024-10-08 00:00:00+05:30,334.2288071053327,349.1555427174797,332.4815317881278,345.0619201660156,20853384,0.0,0.0,JIOFIN.NS,277
2024-10-09 00:00:00+05:30,344.4628590397515,347.45818824879285,341.01821826132823,342.4659729003906,12692777,0.0,0.0,JIOFIN.NS,278
2024-10-10 00:00:00+05:30,344.4628533244189,346.95896095720457,342.4659672181904,343.26470947265625,8914571,0.0,0.0,JIOFIN.NS,279
2024-10-11 00:00:00+05:30,342.91526831852855,343.91371134118253,339.91993925056664,340.9682922363281,8105506,0.0,0.0,JIOFIN.NS,280
2024-10-14 00:00:00+05:30,342.26625664775133,342.91526898979726,338.7217960984166,339.5205383300781,7284123,0.0,0.0,JIOFIN.NS,281
2024-10-15 00:00:00+05:30,341.41762422446686,341.41762422446686,335.5767260982469,336.2257080078125,9425660,0.0,0.0,JIOFIN.NS,282
2024-10-16 00:00:00+05:30,336.52522402022845,338.6719009933656,331.9823202469797,333.1305236816406,10530774,0.0,0.0,JIOFIN.NS,283
2024-10-17 00:00:00+05:30,334.3286806251258,334.47844099723085,328.08841120353566,328.6375427246094,9765396,0.0,0.0,JIOFIN.NS,284
2024-10-18 00:00:00+05:30,328.6375190112792,332.38168039406776,324.9932080260444,329.8356628417969,9740536,0.0,0.0,JIOFIN.NS,285
2024-10-21 00:00:00+05:30,333.87935404417436,333.87935404417436,325.542348377333,326.6905822753906,8404918,0.0,0.0,JIOFIN.NS,286
2024-10-22 00:00:00+05:30,327.4893282245581,327.88869936008734,310.6156463704154,313.56103515625,16864967,0.0,0.0,JIOFIN.NS,287
2024-10-23 00:00:00+05:30,315.7576270911135,320.9495433451435,312.66244741929034,314.2100524902344,15298133,0.0,0.0,JIOFIN.NS,288
2024-10-24 00:00:00+05:30,314.5095556897518,317.9042559111206,314.35979532867407,315.60784912109375,7628619,0.0,0.0,JIOFIN.NS,289
2024-10-25 00:00:00+05:30,317.00566355038274,317.35512470657693,305.52356865013263,310.7154846191406,12405373,0.0,0.0,JIOFIN.NS,290
2024-10-28 00:00:00+05:30,314.01033598056745,318.7529404190657,310.16632418377196,316.156982421875,9290007,0.0,0.0,JIOFIN.NS,291
2024-10-29 00:00:00+05:30,317.20537265374895,326.440970967592,313.41127074007767,325.692138671875,14904512,0.0,0.0,JIOFIN.NS,292
2024-10-30 00:00:00+05:30,326.24127449585194,326.24127449585194,318.05402909936095,319.4518737792969,11570929,0.0,0.0,JIOFIN.NS,293
2024-10-31 00:00:00+05:30,319.45187043211826,323.3957022518586,317.20537353869986,321.7981872558594,6666478,0.0,0.0,JIOFIN.NS,294
2024-11-01 00:00:00+05:30,324.4939948107022,326.3411205674836,323.695252549963,325.692138671875,4366260,0.0,0.0,JIOFIN.NS,295
2024-11-04 00:00:00+05:30,326.2911812796766,326.2911812796766,318.8028582961767,319.3520202636719,8097386,0.0,0.0,JIOFIN.NS,296
2024-11-05 00:00:00+05:30,319.501768057111,323.4955401578249,318.25371427563795,321.3988037109375,5979530,0.0,0.0,JIOFIN.NS,297
2024-11-06 00:00:00+05:30,323.4456522784565,327.3894842151463,322.297418345053,325.5423583984375,7203398,0.0,0.0,JIOFIN.NS,298
2024-11-07 00:00:00+05:30,326.49087367307135,327.9885382312047,320.05090388507256,321.0493469238281,7046798,0.0,0.0,JIOFIN.NS,299
2024-11-08 00:00:00+05:30,321.1991501255531,321.8481320317248,314.3098685167723,315.55792236328125,7871347,0.0,0.0,JIOFIN.NS,300
2024-11-11 00:00:00+05:30,313.5111379378881,315.6078745722502,310.1164374427649,311.5142517089844,8429474,0.0,0.0,JIOFIN.NS,301
2024-11-12 00:00:00+05:30,311.71394398131264,315.6577758933271,309.51735700166194,309.7669677734375,5765828,0.0,0.0,JIOFIN.NS,302
2024-11-13 00:00:00+05:30,309.51734013105437,309.51734013105437,297.5360237388845,298.933837890625,14563487,0.0,0.0,JIOFIN.NS,303
2024-11-14 00:00:00+05:30,302.27865150939544,320.0010167093683,302.27865150939544,317.8543701171875,42750072,0.0,0.0,JIOFIN.NS,304
2024-11-18 00:00:00+05:30,319.50179381718436,322.3972727296395,313.3613748112735,318.30364990234375,15570302,0.0,0.0,JIOFIN.NS,305
2024-11-19 00:00:00+05:30,319.50179564910223,323.29586728440904,316.60631672004536,318.8528137207031,9800376,0.0,0.0,JIOFIN.NS,306
2024-11-21 00:00:00+05:30,316.5064437543186,318.4034794367513,312.56258155736714,313.7108154296875,9585103,0.0,0.0,JIOFIN.NS,307
2024-11-22 00:00:00+05:30,314.01035424121415,317.2053843420284,311.86370767507265,313.3114318847656,11366576,0.0,0.0,JIOFIN.NS,308
2024-11-25 00:00:00+05:30,318.3535910385235,324.494010057914,317.50490830282047,322.7467346191406,25530717,0.0,0.0,JIOFIN.NS,309
2024-11-26 00:00:00+05:30,320.9495445450839,326.39104112179723,319.6016402750496,325.5423583984375,11006017,0.0,0.0,JIOFIN.NS,310
2024-11-27 00:00:00+05:30,325.1929094976257,331.43317848192106,321.8980291918797,328.3879089355469,11501641,0.0,0.0,JIOFIN.NS,311
2024-11-28 00:00:00+05:30,328.43784896676453,330.88401612357103,324.4939867855,324.94329833984375,9679906,0.0,0.0,JIOFIN.NS,312
2024-11-29 00:00:00+05:30,325.0431168632679,331.7826073289298,324.8434465389159,327.8387756347656,18285878,0.0,0.0,JIOFIN.NS,313
2024-12-02 00:00:00+05:30,325.4924548368555,329.98544884533965,324.5938621291718,329.18670654296875,8216182,0.0,0.0,JIOFIN.NS,314
2024-12-03 00:00:00+05:30,330.83411140803446,341.91683538038023,329.33644682988137,339.8200988769531,18445722,0.0,0.0,JIOFIN.NS,315
2024-12-04 00:00:00+05:30,341.5673874631206,346.80921368991926,340.11963279340733,344.6625671386719,16774994,0.0,0.0,JIOFIN.NS,316
2024-12-05 00:00:00+05:30,346.2101181052614,346.75924957969596,339.0712565872982,340.9682922363281,11818459,0.0,0.0,JIOFIN.NS,317
2024-12-06 00:00:00+05:30,342.5158775515755,342.5158775515755,337.9729738430402,338.3723449707031,8074543,0.0,0.0,JIOFIN.NS,318
2024-12-09 00:00:00+05:30,337.97298653068185,340.76861499933506,335.3770283983239,336.3255615234375,10589894,0.0,0.0,JIOFIN.NS,319
2024-12-10 00:00:00+05:30,336.47531331971595,337.4238464206607,333.1305229538305,334.5782775878906,7366133,0.0,0.0,JIOFIN.NS,320
2024-12-11 00:00:00+05:30,334.17890761006873,344.4628590397515,332.7810629364646,342.4659729003906,20098921,0.0,0.0,JIOFIN.NS,321
2024-12-12 00:00:00+05:30,343.2647219030959,345.7608296262716,336.67502188996406,337.7732849121094,10639649,0.0,0.0,JIOFIN.NS,322
2024-12-13 00:00:00+05:30,336.47532032902757,340.16957193906364,330.13520063237564,339.2210388183594,9126606,0.0,0.0,JIOFIN.NS,323
2024-12-16 00:00:00+05:30,338.7218054256281,341.91683538038023,337.623511974303,339.8200988769531,6632276,0.0,0.0,JIOFIN.NS,324
2024-12-17 00:00:00+05:30,338.52211049824894,340.36923627068563,335.37702092359416,336.5751647949219,8027327,0.0,0.0,JIOFIN.NS,325
2024-12-18 00:00:00+05:30,335.4768802085424,336.4753233044012,323.0462514770748,324.0946350097656,13957883,0.0,0.0,JIOFIN.NS,326
2024-12-19 00:00:00+05:30,317.5048798874925,319.4019155286568,310.2661680032651,312.5126647949219,21490551,0.0,0.0,JIOFIN.NS,327
2024-12-20 00:00:00+05:30,314.2599442630461,314.2599442630461,302.3285378448591,303.8262023925781,19669669,0.0,0.0,JIOFIN.NS,328
2024-12-23 00:00:00+05:30,308.31920867730327,308.36914911297947,301.57971793623796,304.2256164550781,11299664,0.0,0.0,JIOFIN.NS,329
2024-12-24 00:00:00+05:30,304.2256164550781,306.5220233343783,303.12732298103975,304.2256164550781,6911511,0.0,0.0,JIOFIN.NS,330
2024-12-26 00:00:00+05:30,304.225627518508,306.2225137366273,302.42841164016124,305.07427978515625,8189884,0.0,0.0,JIOFIN.NS,331
2024-12-27 00:00:00+05:30,305.4736627747295,306.87147694815064,304.0259081668618,304.4752197265625,6020942,0.0,0.0,JIOFIN.NS,332
2024-12-30 00:00:00+05:30,304.5251395089286,308.46900186436517,300.5313671875,305.773193359375,45642158,0.0,0.0,JIOFIN.NS,333
2024-12-31 00:00:00+05:30,303.37693050972945,303.37693050972945,295.7887571438409,298.2349548339844,17838917,0.0,0.0,JIOFIN.NS,334
2025-01-01 00:00:00+05:30,298.43463571112795,305.9229589414343,298.3347853073775,303.97601318359375,8948678,0.0,0.0,JIOFIN.NS,335
2025-01-02 00:00:00+05:30,305.5235802616279,306.5220233343783,302.87771221285215,304.2256164550781,18554117,0.0,0.0,JIOFIN.NS,336
2025-01-03 00:00:00+05:30,306.2225116674059,310.41595441508105,303.7763138787131,306.9713439941406,25288548,0.0,0.0,JIOFIN.NS,337
2025-01-06 00:00:00+05:30,307.22094126978493,307.9697735636144,294.7903130041906,296.2380676269531,15616967,0.0,0.0,JIOFIN.NS,338
2025-01-07 00:00:00+05:30,297.53603119678996,300.531360369912,296.7871989035095,298.6842346191406,8305881,0.0,0.0,JIOFIN.NS,339
2025-01-08 00:00:00+05:30,300.0321370224921,300.38159818458433,295.78875405295605,298.1351013183594,10545440,0.0,0.0,JIOFIN.NS,340
2025-01-09 00:00:00+05:30,298.0352503084992,298.0352503084992,288.3503405392595,288.7996520996094,15072307,0.0,0.0,JIOFIN.NS,341
2025-01-10 00:00:00+05:30,289.5484888495259,290.4970219493,279.5640581995422,280.1131896972656,13906821,0.0,0.0,JIOFIN.NS,342
2025-01-13 00:00:00+05:30,277.367482296393,277.5671831053583,264.63733271152495,265.7356262207031,22870943,0.0,0.0,JIOFIN.NS,343
2025-01-14 00:00:00+05:30,267.03361485934573,273.5734048679814,263.78867483810143,272.4252014160156,19834738,0.0,0.0,JIOFIN.NS,344
2025-01-15 00:00:00+05:30,274.57184923643877,275.57029232457126,270.8276876559419,271.97589111328125,12932861,0.0,0.0,JIOFIN.NS,345
2025-01-16 00:00:00+05:30,276.56871934874073,278.36590461496723,274.4220729279527,276.3690185546875,9804897,0.0,0.0,JIOFIN.NS,346
2025-01-17 00:00:00+05:30,279.56405584957434,280.86201963513605,275.2707628941958,278.56561279296875,12895002,0.0,0.0,JIOFIN.NS,347
2025-01-20 00:00:00+05:30,278.56560172093896,279.5640447378599,270.7278179440971,275.270751953125,15616628,0.0,0.0,JIOFIN.NS,348
2025-01-21 00:00:00+05:30,275.5702759030698,277.0679404460213,257.9976725050933,259.6950378417969,25289898,0.0,0.0,JIOFIN.NS,349
2025-01-22 00:00:00+05:30,261.2925755718081,263.1896113976619,253.6544765955345,262.3908386230469,19045792,0.0,0.0,JIOFIN.NS,350
2025-01-23 00:00:00+05:30,263.0897433863573,266.98366518307245,253.2051632962147,255.45166015625,26848859,0.0,0.0,JIOFIN.NS,351
2025-01-24 00:00:00+05:30,255.6014330590455,256.9493373352058,243.17081953736016,244.0694122314453,38379153,0.0,0.0,JIOFIN.NS,352
2025-01-27 00:00:00+05:30,242.62166215628727,243.02103328393093,230.69027070630753,232.936767578125,32924181,0.0,0.0,JIOFIN.NS,353
2025-01-28 00:00:00+05:30,236.6310069715801,238.12867157266604,230.9398845344599,233.03660583496094,32439612,0.0,0.0,JIOFIN.NS,354
2025-01-29 00:00:00+05:30,234.63412043199213,240.27531765900378,232.63723430065602,237.92898559570312,23719434,0.0,0.0,JIOFIN.NS,355
2025-01-30 00:00:00+05:30,240.27531572963602,241.87283071589,233.13645396144608,234.43443298339844,27503919,0.0,0.0,JIOFIN.NS,356
2025-01-31 00:00:00+05:30,236.63100382691576,243.3704944422393,235.43287520897573,241.2737579345703,31130589,0.0,0.0,JIOFIN.NS,357
2025-02-01 00:00:00+05:30,244.01947193294518,245.16769056549856,238.87749639095608,241.13397216796875,24079793,0.0,0.0,JIOFIN.NS,358
2025-02-03 00:00:00+05:30,238.62789561232697,239.18702129833227,232.53738674327138,233.60572814941406,15183090,0.0,0.0,JIOFIN.NS,359
2025-02-04 00:00:00+05:30,236.03193227517318,246.5655095598907,234.63411809119586,244.71839904785156,23138568,0.0,0.0,JIOFIN.NS,360
2025-02-05 00:00:00+05:30,246.26598277956808,253.9440126018797,246.21607281294712,249.43106079101562,28695524,0.0,0.0,JIOFIN.NS,361
2025-02-06 00:00:00+05:30,252.20672122841322,253.39485566380483,248.2628589818727,250.0900115966797,16298230,0.0,0.0,JIOFIN.NS,362
2025-02-07 00:00:00+05:30,248.01324674403335,252.35648009185246,245.74679199690218,249.06161499023438,11922059,0.0,0.0,JIOFIN.NS,363
2025-02-10 00:00:00+05:30,248.89189377817246,249.61077402617045,241.68313340549403,242.5817413330078,11175493,0.0,0.0,JIOFIN.NS,364
2025-02-11 00:00:00+05:30,241.62322497096858,242.80138049065613,234.38451265262344,235.57266235351562,15330326,0.0,0.0,JIOFIN.NS,365
2025-02-12 00:00:00+05:30,232.6372384044731,233.6157083602794,222.88244521500866,227.26560974121094,45167995,0.0,0.0,JIOFIN.NS,366
2025-02-13 00:00:00+05:30,227.82473383105176,232.68716197232095,226.64657831386566,227.70492553710938,15841475,0.0,0.0,JIOFIN.NS,367
2025-02-14 00:00:00+05:30,229.64191165058588,230.48060019324976,218.80879798523,221.94390869140625,22176523,0.0,0.0,JIOFIN.NS,368
2025-02-17 00:00:00+05:30,221.90396739153175,223.65124272532333,216.80192280745905,222.10365295410156,21988192,0.0,0.0,JIOFIN.NS,369
2025-02-18 00:00:00+05:30,223.21192671527666,223.63127096975404,216.67212166455147,220.67588806152344,19138944,0.0,0.0,JIOFIN.NS,370
2025-02-19 00:00:00+05:30,220.67588929724474,229.3423677417041,218.91861976193903,228.56358337402344,14085762,0.0,0.0,JIOFIN.NS,371
2025-02-20 00:00:00+05:30,227.6450165076007,235.5327105469653,225.5482799983863,234.90370178222656,15681050,0.0,0.0,JIOFIN.NS,372
2025-02-21 00:00:00+05:30,235.63255696807266,238.1785897619798,232.27778775099034,233.30618286132812,15152682,0.0,0.0,JIOFIN.NS,373
2025-02-24 00:00:00+05:30,230.6403474315106,233.1364550876958,227.65499719010157,228.0943145751953,14715002,0.0,0.0,JIOFIN.NS,374
2025-02-25 00:00:00+05:30,229.23253387972684,231.30929723097242,224.8992947428646,225.96763610839844,11683220,0.0,0.0,JIOFIN.NS,375
2025-02-27 00:00:00+05:30,226.0075762919981,227.64502233447638,220.705845972603,221.35482788085938,16215296,0.0,0.0,JIOFIN.NS,376
2025-02-28 00:00:00+05:30,218.91861364826812,219.55761657916167,206.67770756410678,207.28675842285156,50855490,0.0,0.0,JIOFIN.NS,377
2025-03-03 00:00:00+05:30,209.67304254500078,209.9226533099353,198.34070772296056,200.607177734375,51311993,0.0,0.0,JIOFIN.NS,378
2025-03-04 00:00:00+05:30,199.67863470595347,207.71608921742174,198.71014371093858,206.05868530273438,50579885,0.0,0.0,JIOFIN.NS,379
2025-03-05 00:00:00+05:30,206.67771245526208,217.32111908158808,206.67771245526208,216.76199340820312,36954756,0.0,0.0,JIOFIN.NS,380
2025-03-06 00:00:00+05:30,221.65435492245447,222.0437470987278,217.72048690649592,219.59756469726562,24296337,0.0,0.0,JIOFIN.NS,381
2025-03-07 00:00:00+05:30,219.65748107871613,224.15047500987168,218.44935822936884,221.46466064453125,27997558,0.0,0.0,JIOFIN.NS,382
2025-03-10 00:00:00+05:30,222.25342672688382,224.54983353012352,215.16447505113985,216.1629180908203,19521402,0.0,0.0,JIOFIN.NS,383
2025-03-11 00:00:00+05:30,214.3657199654304,218.6490491850937,212.67834877192863,217.2212677001953,20118890,0.0,0.0,JIOFIN.NS,384
2025-03-12 00:00:00+05:30,219.65747458751608,226.14735451851087,216.38258254883206,225.17886352539062,28455086,0.0,0.0,JIOFIN.NS,385
2025-03-13 00:00:00+05:30,227.52521141244276,228.58355862785442,220.9754273181704,222.25343322753906,25219084,0.0,0.0,JIOFIN.NS,386
2025-03-17 00:00:00+05:30,222.77260849612367,223.50148289202767,218.19973749778399,219.17822265625,22290255,0.0,0.0,JIOFIN.NS,387
2025-03-18 00:00:00+05:30,219.17822265625,219.17822265625,219.17822265625,219.17822265625,0,0.0,0.0,JIOFIN.NS,388
2025-03-19 00:00:00+05:30,226.91615594900327,230.88995501711045,225.28868890437516,228.48370361328125,21456932,0.0,0.0,JIOFIN.NS,389
2025-03-20 00:00:00+05:30,230.64034127685156,233.88528114330074,228.59353000639263,231.3292694091797,24426400,0.0,0.0,JIOFIN.NS,390
2025-03-21 00:00:00+05:30,231.63879611135295,235.5726643105044,227.6949489659463,228.76327514648438,46879564,0.0,0.0,JIOFIN.NS,391
2025-03-24 00:00:00+05:30,231.53893415590412,234.09496112771532,230.34080555866768,232.31771850585938,26607361,0.0,0.0,JIOFIN.NS,392
2025-03-25 00:00:00+05:30,233.73552902189775,233.83536418798133,225.95764896696394,227.17575073242188,22492788,0.0,0.0,JIOFIN.NS,393
2025-03-26 00:00:00+05:30,227.64502191853424,228.54361459525236,221.6643423931681,222.3233184814453,19372538,0.0,0.0,JIOFIN.NS,394
2025-03-27 00:00:00+05:30,221.824101852761,227.64502695800513,220.98541330458673,225.42848205566406,188868886,0.0,0.0,JIOFIN.NS,395
2025-03-28 00:00:00+05:30,226.82628893680604,231.9383278061713,225.75796277597368,227.15577697753906,30356334,0.0,0.0,JIOFIN.NS,396
2025-04-01 00:00:00+05:30,226.64657533158,230.9298893690138,224.859368951983,230.06124877929688,18781790,0.0,0.0,JIOFIN.NS,397
2025-04-02 00:00:00+05:30,230.63036399642994,230.63036399642994,224.94922064392702,229.4222412109375,16203186,0.0,0.0,JIOFIN.NS,398
2025-04-03 00:00:00+05:30,226.64657503402285,231.42911059674518,226.1473535031109,230.05126953125,11752612,0.0,0.0,JIOFIN.NS,399
2025-04-04 00:00:00+05:30,229.69183783808768,229.99137381461964,220.45623917772036,221.973876953125,20832533,0.0,0.0,JIOFIN.NS,400
2025-04-07 00:00:00+05:30,202.78378644177613,214.6652524607048,202.78378644177613,213.18756103515625,25772065,0.0,0.0,JIOFIN.NS,401
2025-04-08 00:00:00+05:30,216.66213853278336,225.14890432784628,216.28272530438218,224.45997619628906,25131280,0.0,0.0,JIOFIN.NS,402
2025-04-09 00:00:00+05:30,223.6512409369858,223.6512409369858,217.91019345757655,220.57603454589844,19372735,0.0,0.0,JIOFIN.NS,403
2025-04-11 00:00:00+05:30,225.42847636841688,230.62037731402953,223.37168607048446,229.66188049316406,24630876,0.0,0.0,JIOFIN.NS,404
2025-04-15 00:00:00+05:30,235.53270630676394,239.11712838779917,232.23785647307432,238.1985626220703,27663804,0.0,0.0,JIOFIN.NS,405
2025-04-16 00:00:00+05:30,238.67781939827148,242.37205571750508,236.89059776785083,241.9027862548828,27720767,0.0,0.0,JIOFIN.NS,406
2025-04-17 00:00:00+05:30,242.56175521290686,247.61387457098394,237.92898010452842,246.0862579345703,30422206,0.0,0.0,JIOFIN.NS,407
2025-04-21 00:00:00+05:30,249.610773306843,249.610773306843,244.11933629409242,245.9964141845703,31786610,0.0,0.0,JIOFIN.NS,408
2025-04-22 00:00:00+05:30,245.11777189766576,250.94867572754063,243.32057133776402,250.16989135742188,30235264,0.0,0.0,JIOFIN.NS,409
2025-04-23 00:00:00+05:30,251.60764332053552,258.1474329727861,250.99859246341393,257.73809814453125,37568336,0.0,0.0,JIOFIN.NS,410
2025-04-24 00:00:00+05:30,257.59832130913077,259.3955067116334,256.10065665035677,258.3771057128906,17152009,0.0,0.0,JIOFIN.NS,411
2025-04-25 00:00:00+05:30,258.37709562551345,261.2126702790132,248.7121740510386,252.65602111816406,33348716,0.0,0.0,JIOFIN.NS,412
2025-04-28 00:00:00+05:30,251.9970580237543,259.2956900161119,251.90720179951327,257.49847412109375,19380922,0.0,0.0,JIOFIN.NS,413
2025-04-29 00:00:00+05:30,257.6981512772744,259.3455761772656,255.202043710602,257.2288818359375,12494831,0.0,0.0,JIOFIN.NS,414
2025-04-30 00:00:00+05:30,255.60142512230996,262.8900473225376,254.8026676217963,260.0145568847656,32058337,0.0,0.0,JIOFIN.NS,415
2025-05-02 00:00:00+05:30,262.49068889836246,264.787126345417,257.34871294897226,258.94622802734375,16935190,0.0,0.0,JIOFIN.NS,416
2025-05-05 00:00:00+05:30,259.1958318140539,261.99146027323945,258.896280605528,260.19427490234375,10986246,0.0,0.0,JIOFIN.NS,417
2025-05-06 00:00:00+05:30,258.8463687756577,260.3440333973105,250.01014141389328,250.80889892578125,18568703,0.0,0.0,JIOFIN.NS,418
2025-05-07 00:00:00+05:30,244.6684796139518,256.3003506280784,244.6684796139518,255.70127868652344,19393399,0.0,0.0,JIOFIN.NS,419
2025-05-08 00:00:00+05:30,255.7012715267352,257.89782795751216,249.01169089513593,251.05850219726562,14849940,0.0,0.0,JIOFIN.NS,420
2025-05-09 00:00:00+05:30,243.71996524088732,249.61077339909286,241.6232286503219,247.96334838867188,25011071,0.0,0.0,JIOFIN.NS,421
2025-05-12 00:00:00+05:30,258.5468300078302,263.08973352198745,256.59985394744126,262.49066162109375,19437052,0.0,0.0,JIOFIN.NS,422
2025-05-13 00:00:00+05:30,262.7902304480605,268.53127814941007,261.09286502659216,266.9836730957031,19305043,0.0,0.0,JIOFIN.NS,423
2025-05-14 00:00:00+05:30,268.3814904404787,269.52972437018684,264.7871196920418,267.0835266113281,13255755,0.0,0.0,JIOFIN.NS,424
2025-05-15 00:00:00+05:30,267.5827273860519,274.1724573634523,265.0866198544656,273.27386474609375,16201350,0.0,0.0,JIOFIN.NS,425
2025-05-16 00:00:00+05:30,273.6732468272455,277.51725867398704,272.62486333991757,276.5687255859375,13449060,0.0,0.0,JIOFIN.NS,426
2025-05-19 00:00:00+05:30,276.5687423761127,278.9150897863131,275.32068848452377,276.61865234375,10202024,0.0,0.0,JIOFIN.NS,427
2025-05-20 00:00:00+05:30,276.66857132607777,277.5671639643237,270.4283023520597,271.0273742675781,12885413,0.0,0.0,JIOFIN.NS,428
2025-05-21 00:00:00+05:30,271.0772828310345,275.07105495377533,269.92907943975916,273.9228515625,10476515,0.0,0.0,JIOFIN.NS,429
2025-05-22 00:00:00+05:30,274.0227081469,276.9181869072532,270.9774385525113,274.1225280761719,13207455,0.0,0.0,JIOFIN.NS,430
2025-05-23 00:00:00+05:30,274.52193951470565,283.20837610716063,274.12253790304476,281.31134033203125,13548313,0.0,0.0,JIOFIN.NS,431
2025-05-26 00:00:00+05:30,282.30978342105357,284.25675963267304,280.91196919043534,281.31134033203125,8653797,0.0,0.0,JIOFIN.NS,432
2025-05-27 00:00:00+05:30,279.56404476260644,292.443953588014,278.6654521413106,290.9462890625,24400393,0.0,0.0,JIOFIN.NS,433
2025-05-28 00:00:00+05:30,295.58905639154534,298.78408637877595,288.3503441902216,289.89794921875,37169009,0.0,0.0,JIOFIN.NS,434
2025-05-29 00:00:00+05:30,291.2957775059214,291.59529825106324,285.05550806492056,287.40185546875,15854792,0.0,0.0,JIOFIN.NS,435
2025-05-30 00:00:00+05:30,287.5516090956331,290.546938357046,285.15535178051584,286.2037048339844,17881681,0.0,0.0,JIOFIN.NS,436
2025-06-02 00:00:00+05:30,286.5032498530971,288.7497467506277,282.958758688288,286.0040283203125,12638716,0.0,0.0,JIOFIN.NS,437
2025-06-03 00:00:00+05:30,287.3019891516941,290.34722828221817,282.65923503873773,283.4579772949219,9276084,0.0,0.0,JIOFIN.NS,438
2025-06-04 00:00:00+05:30,283.4579792792018,291.2458534468024,282.0601650860625,289.89794921875,13640678,0.0,0.0,JIOFIN.NS,439
2025-06-05 00:00:00+05:30,291.5453640919811,292.5438071196934,289.0991664860608,291.046142578125,11867068,0.0,0.0,JIOFIN.NS,440
2025-06-06 00:00:00+05:30,291.5453806766847,296.4377456967668,290.04771604992095,293.5422668457031,15858719,0.0,0.0,JIOFIN.NS,441
2025-06-09 00:00:00+05:30,295.5391507677691,305.02435999849143,295.1896895968348,303.77630615234375,26608267,0.0,0.0,JIOFIN.NS,442
2025-06-10 00:00:00+05:30,305.3238814842125,306.3722649995929,301.62966037257155,302.32855224609375,15246190,0.0,0.0,JIOFIN.NS,443
2025-06-11 00:00:00+05:30,303.02748523151865,306.32233532113327,299.23341358468576,302.1788024902344,17551031,0.0,0.0,JIOFIN.NS,444
2025-06-12 00:00:00+05:30,303.3769383876729,303.3769383876729,294.54071096471836,295.5391540527344,16175003,0.0,0.0,JIOFIN.NS,445
2025-06-13 00:00:00+05:30,287.5515948950903,294.8402168832252,287.3518940994989,293.5921630859375,16908691,0.0,0.0,JIOFIN.NS,446
2025-06-16 00:00:00+05:30,293.043034714096,294.4907893223444,287.05237642351824,293.6920166015625,16256316,0.0,0.0,JIOFIN.NS,447
2025-06-17 00:00:00+05:30,294.54070147889155,295.0399230068219,288.94941427205913,289.3487854003906,8857573,0.0,0.0,JIOFIN.NS,448
2025-06-18 00:00:00+05:30,288.5500376558221,292.19434864638987,286.90261273899705,287.70135498046875,8400088,0.0,0.0,JIOFIN.NS,449
2025-06-19 00:00:00+05:30,289.0492708490321,290.1475643279636,282.25987011210657,283.6576843261719,13910925,0.0,0.0,JIOFIN.NS,450
2025-06-20 00:00:00+05:30,282.75908650302136,294.54070241145394,282.55938570319137,293.7918701171875,21062467,0.0,0.0,JIOFIN.NS,451
2025-06-23 00:00:00+05:30,288.1007288899681,295.4392913760212,287.00246591482926,292.6935729980469,13408538,0.0,0.0,JIOFIN.NS,452
2025-06-24 00:00:00+05:30,297.5360366146021,303.9260662062719,296.6374439403159,300.3316650390625,24073049,0.0,0.0,JIOFIN.NS,453
2025-06-25 00:00:00+05:30,303.22716037708415,304.4752141644938,301.5297950381817,302.8277587890625,11854474,0.0,0.0,JIOFIN.NS,454
2025-06-26 00:00:00+05:30,304.32543445259927,312.4128293845028,303.6265425881535,312.0134582519531,37158992,0.0,0.0,JIOFIN.NS,455
2025-06-27 00:00:00+05:30,313.61096268253533,328.78727849838197,312.3629088915909,322.9464111328125,60666211,0.0,0.0,JIOFIN.NS,456
2025-06-30 00:00:00+05:30,326.3910323386155,331.38324767102034,324.6936974076364,326.24127197265625,36746297,0.0,0.0,JIOFIN.NS,457
2025-07-01 00:00:00+05:30,327.689038776373,331.38325997750525,326.5907452684441,329.08685302734375,20683383,0.0,0.0,JIOFIN.NS,458
2025-07-02 00:00:00+05:30,329.6859266121445,330.43475894351366,324.5439202273573,326.1913757324219,13385187,0.0,0.0,JIOFIN.NS,459
2025-07-03 00:00:00+05:30,327.0400225243708,328.2381664225323,324.0446932490321,324.5439147949219,11497044,0.0,0.0,JIOFIN.NS,460
2025-07-04 00:00:00+05:30,325.4924448453141,327.0899598710832,322.8465767711059,324.444091796875,9623498,0.0,0.0,JIOFIN.NS,461
2025-07-07 00:00:00+05:30,324.44409638249687,329.18670109067887,322.5470301231719,327.53924560546875,13172854,0.0,0.0,JIOFIN.NS,462
2025-07-08 00:00:00+05:30,328.4877730631825,330.18513848588134,324.24438997650003,328.3380126953125,13953335,0.0,0.0,JIOFIN.NS,463
2025-07-09 00:00:00+05:30,328.4877735861276,334.7779528071978,328.2381628159254,329.3364562988281,24522736,0.0,0.0,JIOFIN.NS,464
2025-07-10 00:00:00+05:30,329.98543304365944,332.88091183868323,328.48776844588184,331.1336364746094,13973005,0.0,0.0,JIOFIN.NS,465
2025-07-11 00:00:00+05:30,330.48464051546796,330.48464051546796,324.4939823792359,325.292724609375,14554942,0.0,0.0,JIOFIN.NS,466
2025-07-14 00:00:00+05:30,324.4939877694424,327.1897961635524,317.1554253366439,318.6031799316406,17980889,0.0,0.0,JIOFIN.NS,467
2025-07-15 00:00:00+05:30,320.6000702550331,322.04779439913455,317.80441142596624,320.6999206542969,12753151,0.0,0.0,JIOFIN.NS,468
2025-07-16 00:00:00+05:30,320.5002143058924,322.19757965379324,318.1538670791108,319.0524597167969,14151922,0.0,0.0,JIOFIN.NS,469
2025-07-17 00:00:00+05:30,319.60163930005467,320.45032202082535,316.85592080172097,317.6546630859375,12037735,0.0,0.0,JIOFIN.NS,470
2025-07-18 00:00:00+05:30,320.0010005257865,323.4456412686139,313.2615098750874,316.356689453125,29776471,0.0,0.0,JIOFIN.NS,471
2025-07-21 00:00:00+05:30,317.70460612964473,320.3005338096837,313.61098333179564,316.7560729980469,16996843,0.0,0.0,JIOFIN.NS,472
2025-07-22 00:00:00+05:30,317.5049035308682,317.9542151106832,309.36759841803666,310.31610107421875,15797945,0.0,0.0,JIOFIN.NS,473
2025-07-23 00:00:00+05:30,311.1148802513466,314.7092815538527,311.1148802513466,313.96044921875,9726960,0.0,0.0,JIOFIN.NS,474
2025-07-24 00:00:00+05:30,314.5095513409893,318.9026945355493,312.96197684781276,315.9573059082031,11348072,0.0,0.0,JIOFIN.NS,475
2025-07-25 00:00:00+05:30,315.05870447060073,315.05870447060073,309.71705832177975,310.7654113769531,10957081,0.0,0.0,JIOFIN.NS,476
2025-07-28 00:00:00+05:30,310.7654124440424,315.358256762128,306.0228077561414,306.8714904785156,15732708,0.0,0.0,JIOFIN.NS,477
2025-07-29 00:00:00+05:30,305.823091823121,321.9978813045861,305.823091823121,320.6000671386719,27086587,0.0,0.0,JIOFIN.NS,478
2025-07-30 00:00:00+05:30,322.49710849985564,323.4955515602267,319.2022585886568,319.8013000488281,15393963,0.0,0.0,JIOFIN.NS,479
2025-07-31 00:00:00+05:30,316.5064386760274,332.13206591097327,315.9573072007346,328.73736572265625,49292436,0.0,0.0,JIOFIN.NS,480
2025-08-01 00:00:00+05:30,329.43631109209764,332.1820296009208,325.49244868230744,328.98699951171875,19635750,0.0,0.0,JIOFIN.NS,481
2025-08-04 00:00:00+05:30,329.3364448049992,334.977641920679,328.0883909975451,333.380126953125,19850637,0.0,0.0,JIOFIN.NS,482
2025-08-05 00:00:00+05:30,333.9293021402201,338.0728348511155,330.9838828499099,332.331787109375,16052991,0.0,0.0,JIOFIN.NS,483
2025-08-06 00:00:00+05:30,332.6812355826868,333.08060670763524,325.0930623284117,326.04156494140625,11615135,0.0,0.0,JIOFIN.NS,484
2025-08-07 00:00:00+05:30,322.4971173780122,327.4893328173003,316.30675804526896,324.99322509765625,16461908,0.0,0.0,JIOFIN.NS,485
2025-08-08 00:00:00+05:30,324.59385631014476,325.4924490017193,319.60164083465827,320.6499938964844,10312947,0.0,0.0,JIOFIN.NS,486
2025-08-11 00:00:00+05:30,321.0,328.6000061035156,320.79998779296875,327.75,11342718,0.5,0.0,JIOFIN.NS,487
2025-08-12 00:00:00+05:30,327.95001220703125,331.70001220703125,326.54998779296875,327.0,10094423,0.0,0.0,JIOFIN.NS,488
2025-08-13 00:00:00+05:30,328.6000061035156,332.6000061035156,328.6000061035156,330.6000061035156,11363627,0.0,0.0,JIOFIN.NS,489
2025-08-14 00:00:00+05:30,330.6000061035156,331.95001220703125,325.8500061035156,327.3999938964844,8079069,0.0,0.0,JIOFIN.NS,490
2025-08-18 00:00:00+05:30,331.25,333.70001220703125,327.6000061035156,329.3500061035156,9341169,0.0,0.0,JIOFIN.NS,491
2025-08-19 00:00:00+05:30,330.0,333.20001220703125,328.45001220703125,331.29998779296875,8842923,0.0,0.0,JIOFIN.NS,492
2025-08-20 00:00:00+05:30,330.8500061035156,331.0,327.04998779296875,328.45001220703125,8822662,0.0,0.0,JIOFIN.NS,493
2025-08-21 00:00:00+05:30,329.0,329.3999938964844,322.6000061035156,323.8500061035156,10947441,0.0,0.0,JIOFIN.NS,494
2025-08-22 00:00:00+05:30,324.79998779296875,326.29998779296875,320.1000061035156,320.6000061035156,8800338,0.0,0.0,JIOFIN.NS,495
2025-08-25 00:00:00+05:30,322.0,322.3500061035156,318.3500061035156,319.70001220703125,11445521,0.0,0.0,JIOFIN.NS,496
2025-08-26 00:00:00+05:30,319.5,320.1499938964844,314.20001220703125,315.75,10076775,0.0,0.0,JIOFIN.NS,497
2025-08-28 00:00:00+05:30,315.75,316.8999938964844,309.5,310.1000061035156,15243091,0.0,0.0,JIOFIN.NS,498
2025-08-29 00:00:00+05:30,311.0,316.6499938964844,309.3500061035156,311.70001220703125,17274984,0.0,0.0,JIOFIN.NS,499
2025-09-01 00:00:00+05:30,311.70001220703125,314.5,307.20001220703125,314.04998779296875,11486206,0.0,0.0,JIOFIN.NS,500
2025-09-02 00:00:00+05:30,314.20001220703125,316.25,311.0,311.75,13220799,0.0,0.0,JIOFIN.NS,501
2025-09-03 00:00:00+05:30,311.0,314.70001220703125,309.79998779296875,313.70001220703125,11360605,0.0,0.0,JIOFIN.NS,502
2025-09-04 00:00:00+05:30,315.25,316.0,309.0,309.45001220703125,10392904,0.0,0.0,JIOFIN.NS,503
2025-09-05 00:00:00+05:30,310.0,313.8999938964844,308.8999938964844,309.3999938964844,8618197,0.0,0.0,JIOFIN.NS,504
2025-09-08 00:00:00+05:30,310.75,313.3500061035156,309.6000061035156,311.1000061035156,6198613,0.0,0.0,JIOFIN.NS,505
2025-09-09 00:00:00+05:30,311.1000061035156,312.3500061035156,307.25,307.95001220703125,10103729,0.0,0.0,JIOFIN.NS,506
2025-09-10 00:00:00+05:30,310.0,313.3999938964844,309.25,310.04998779296875,10838910,0.0,0.0,JIOFIN.NS,507
2025-09-11 00:00:00+05:30,310.04998779296875,312.5,309.95001220703125,310.70001220703125,6146666,0.0,0.0,JIOFIN.NS,508
2025-09-12 00:00:00+05:30,311.04998779296875,312.20001220703125,310.0,311.20001220703125,6049420,0.0,0.0,JIOFIN.NS,509
2025-09-15 00:00:00+05:30,311.04998779296875,316.6499938964844,310.0,315.3500061035156,14414947,0.0,0.0,JIOFIN.NS,510
2025-09-16 00:00:00+05:30,315.79998779296875,317.79998779296875,314.29998779296875,315.45001220703125,10963429,0.0,0.0,JIOFIN.NS,511
2025-09-17 00:00:00+05:30,315.8999938964844,318.70001220703125,315.0,315.8500061035156,8836571,0.0,0.0,JIOFIN.NS,512
2025-09-18 00:00:00+05:30,316.29998779296875,317.95001220703125,315.8999938964844,317.3500061035156,9396848,0.0,0.0,JIOFIN.NS,513
2025-09-19 00:00:00+05:30,317.6000061035156,321.6000061035156,315.79998779296875,317.0,17671561,0.0,0.0,JIOFIN.NS,514
2025-09-22 00:00:00+05:30,317.0,319.0,312.79998779296875,313.8500061035156,7711667,0.0,0.0,JIOFIN.NS,515
2025-09-23 00:00:00+05:30,313.8500061035156,315.0,310.75,312.54998779296875,11896537,0.0,0.0,JIOFIN.NS,516
2025-09-24 00:00:00+05:30,314.0,314.1000061035156,306.0,306.75,11253782,0.0,0.0,JIOFIN.NS,517
2025-09-25 00:00:00+05:30,306.75,308.29998779296875,301.0,301.6000061035156,12147554,0.0,0.0,JIOFIN.NS,518
2025-09-26 00:00:00+05:30,300.8999938964844,301.6000061035156,294.3500061035156,295.8500061035156,11503280,0.0,0.0,JIOFIN.NS,519
2025-09-29 00:00:00+05:30,296.0,299.8999938964844,293.3999938964844,294.20001220703125,9607887,0.0,0.0,JIOFIN.NS,520
2025-09-30 00:00:00+05:30,295.0,296.79998779296875,292.20001220703125,293.20001220703125,10119815,0.0,0.0,JIOFIN.NS,521
2025-10-01 00:00:00+05:30,294.0,300.8500061035156,293.04998779296875,300.04998779296875,8551743,0.0,0.0,JIOFIN.NS,522
2025-10-03 00:00:00+05:30,300.04998779296875,302.95001220703125,298.79998779296875,301.70001220703125,8773415,0.0,0.0,JIOFIN.NS,523
2025-10-06 00:00:00+05:30,302.0,306.6499938964844,301.5,306.25,8816471,0.0,0.0,JIOFIN.NS,524
2025-10-07 00:00:00+05:30,306.3500061035156,315.0,306.29998779296875,309.8999938964844,18717966,0.0,0.0,JIOFIN.NS,525
2025-10-08 00:00:00+05:30,309.8999938964844,310.95001220703125,304.20001220703125,304.6499938964844,7853613,0.0,0.0,JIOFIN.NS,526
2025-10-09 00:00:00+05:30,305.29998779296875,308.1499938964844,305.29998779296875,307.3500061035156,6279739,0.0,0.0,JIOFIN.NS,527
2025-10-10 00:00:00+05:30,307.0,310.3999938964844,306.6499938964844,308.1499938964844,7654597,0.0,0.0,JIOFIN.NS,528
2025-10-13 00:00:00+05:30,306.0,308.79998779296875,304.70001220703125,308.45001220703125,6533659,0.0,0.0,JIOFIN.NS,529
2025-10-14 00:00:00+05:30,309.6499938964844,310.79998779296875,305.1000061035156,305.6000061035156,7420573,0.0,0.0,JIOFIN.NS,530
2025-10-15 00:00:00+05:30,305.6000061035156,312.95001220703125,305.6000061035156,312.6499938964844,14796118,0.0,0.0,JIOFIN.NS,531
2025-10-16 00:00:00+05:30,314.04998779296875,314.29998779296875,310.6000061035156,312.1000061035156,10445546,0.0,0.0,JIOFIN.NS,532
2025-10-17 00:00:00+05:30,313.54998779296875,314.75,307.04998779296875,309.29998779296875,13963053,0.0,0.0,JIOFIN.NS,533
2025-10-20 00:00:00+05:30,309.20001220703125,315.79998779296875,309.1000061035156,310.70001220703125,14883909,0.0,0.0,JIOFIN.NS,534
2025-10-21 00:00:00+05:30,311.45001220703125,313.29998779296875,311.04998779296875,311.79998779296875,3190393,0.0,0.0,JIOFIN.NS,535
2025-10-23 00:00:00+05:30,312.0,313.8500061035156,308.3999938964844,309.04998779296875,11107313,0.0,0.0,JIOFIN.NS,536
2025-10-24 00:00:00+05:30,310.0,311.1499938964844,305.5,305.95001220703125,8292307,0.0,0.0,JIOFIN.NS,537
2025-10-27 00:00:00+05:30,306.8500061035156,307.8999938964844,305.1499938964844,305.54998779296875,8333968,0.0,0.0,JIOFIN.NS,538
2025-10-28 00:00:00+05:30,306.1000061035156,308.75,305.04998779296875,307.95001220703125,11236088,0.0,0.0,JIOFIN.NS,539
2025-10-29 00:00:00+05:30,307.79998779296875,310.75,307.6000061035156,309.75,8605721,0.0,0.0,JIOFIN.NS,540
2025-10-30 00:00:00+05:30,310.1000061035156,312.79998779296875,309.1499938964844,309.79998779296875,8517048,0.0,0.0,JIOFIN.NS,541
2025-10-31 00:00:00+05:30,309.0,310.95001220703125,306.25,306.79998779296875,6533999,0.0,0.0,JIOFIN.NS,542
2025-11-03 00:00:00+05:30,306.20001220703125,308.3999938964844,303.5,306.79998779296875,8075806,0.0,0.0,JIOFIN.NS,543
2025-11-04 00:00:00+05:30,306.0,306.95001220703125,301.3500061035156,301.8999938964844,8396727,0.0,0.0,JIOFIN.NS,544
2025-11-06 00:00:00+05:30,301.8999938964844,303.20001220703125,297.5,298.1000061035156,8339076,0.0,0.0,JIOFIN.NS,545
2025-11-07 00:00:00+05:30,297.0,300.1499938964844,293.5,299.29998779296875,9364502,0.0,0.0,JIOFIN.NS,546
2025-11-10 00:00:00+05:30,299.6499938964844,303.3999938964844,299.6499938964844,301.95001220703125,8870055,0.0,0.0,JIOFIN.NS,547
2025-11-11 00:00:00+05:30,302.0,305.6499938964844,297.6499938964844,304.8999938964844,10752137,0.0,0.0,JIOFIN.NS,548
2025-11-12 00:00:00+05:30,305.29998779296875,310.29998779296875,305.25,309.5,12029642,0.0,0.0,JIOFIN.NS,549
2025-11-13 00:00:00+05:30,310.0,316.6000061035156,309.70001220703125,310.70001220703125,15761851,0.0,0.0,JIOFIN.NS,550
2025-11-14 00:00:00+05:30,311.0,315.70001220703125,309.29998779296875,314.8999938964844,13675544,0.0,0.0,JIOFIN.NS,551
2025-11-17 00:00:00+05:30,316.0,316.8500061035156,311.1499938964844,312.0,8876003,0.0,0.0,JIOFIN.NS,552
2025-11-18 00:00:00+05:30,311.1499938964844,311.8500061035156,305.45001220703125,305.95001220703125,8869128,0.0,0.0,JIOFIN.NS,553
2025-11-19 00:00:00+05:30,305.8500061035156,306.3999938964844,303.6000061035156,304.45001220703125,5882303,0.0,0.0,JIOFIN.NS,554
2025-11-20 00:00:00+05:30,305.6000061035156,309.6000061035156,305.20001220703125,308.3500061035156,7784069,0.0,0.0,JIOFIN.NS,555
2025-11-21 00:00:00+05:30,307.0,308.3500061035156,303.0,303.54998779296875,5973657,0.0,0.0,JIOFIN.NS,556
2025-11-24 00:00:00+05:30,303.29998779296875,304.3500061035156,299.1000061035156,299.8500061035156,12349069,0.0,0.0,JIOFIN.NS,557
2025-11-25 00:00:00+05:30,299.75,303.3999938964844,299.6000061035156,300.79998779296875,7131282,0.0,0.0,JIOFIN.NS,558
2025-11-26 00:00:00+05:30,301.5,308.6499938964844,301.5,308.0,8885249,0.0,0.0,JIOFIN.NS,559
2025-11-27 00:00:00+05:30,309.0,309.79998779296875,305.0,306.45001220703125,5565162,0.0,0.0,JIOFIN.NS,560
2025-11-28 00:00:00+05:30,306.1499938964844,308.0,305.5,306.20001220703125,5488672,0.0,0.0,JIOFIN.NS,561
2025-12-01 00:00:00+05:30,307.1000061035156,308.1499938964844,303.54998779296875,304.75,6225454,0.0,0.0,JIOFIN.NS,562
2025-12-02 00:00:00+05:30,303.0,307.0,303.0,304.8500061035156,8589532,0.0,0.0,JIOFIN.NS,563
2025-12-03 00:00:00+05:30,305.0,305.70001220703125,298.45001220703125,301.0,8408528,0.0,0.0,JIOFIN.NS,564
2025-12-04 00:00:00+05:30,301.0,303.45001220703125,300.0,302.25,5601692,0.0,0.0,JIOFIN.NS,565
2025-12-05 00:00:00+05:30,302.0,304.45001220703125,300.25,303.75,6506083,0.0,0.0,JIOFIN.NS,566
2025-12-08 00:00:00+05:30,303.0,304.25,295.25,297.20001220703125,12432114,0.0,0.0,JIOFIN.NS,567
2025-12-09 00:00:00+05:30,296.1499938964844,296.79998779296875,288.75,293.20001220703125,13376328,0.0,0.0,JIOFIN.NS,568
2025-12-10 00:00:00+05:30,294.0,295.3999938964844,289.25,290.8500061035156,8655536,0.0,0.0,JIOFIN.NS,569
2025-12-11 00:00:00+05:30,291.0,299.0,290.0,298.45001220703125,9589482,0.0,0.0,JIOFIN.NS,570
2025-12-12 00:00:00+05:30,300.0,302.3999938964844,298.75,300.75,7955711,0.0,0.0,JIOFIN.NS,571
2025-12-15 00:00:00+05:30,299.0,300.3999938964844,297.54998779296875,299.6000061035156,4850351,0.0,0.0,JIOFIN.NS,572
2025-12-16 00:00:00+05:30,298.04998779296875,298.75,294.5,295.25,7141463,0.0,0.0,JIOFIN.NS,573
2025-12-17 00:00:00+05:30,295.0,296.0,291.70001220703125,293.1499938964844,5906902,0.0,0.0,JIOFIN.NS,574
2025-12-18 00:00:00+05:30,292.70001220703125,293.54998779296875,289.75,292.29998779296875,6478984,0.0,0.0,JIOFIN.NS,575
2025-12-19 00:00:00+05:30,294.1000061035156,297.79998779296875,293.3500061035156,296.95001220703125,8767177,0.0,0.0,JIOFIN.NS,576
2025-12-22 00:00:00+05:30,298.0,299.95001220703125,297.8999938964844,298.75,5136735,0.0,0.0,JIOFIN.NS,577
2025-12-23 00:00:00+05:30,299.54998779296875,299.75,297.70001220703125,298.70001220703125,5346120,0.0,0.0,JIOFIN.NS,578
2025-12-24 00:00:00+05:30,298.70001220703125,302.6000061035156,298.04998779296875,298.8999938964844,6548391,0.0,0.0,JIOFIN.NS,579
2025-12-26 00:00:00+05:30,298.0,299.79998779296875,296.1499938964844,296.95001220703125,3945249,0.0,0.0,JIOFIN.NS,580
2025-12-29 00:00:00+05:30,297.0,297.54998779296875,293.3500061035156,293.95001220703125,4713140,0.0,0.0,JIOFIN.NS,581
2025-12-30 00:00:00+05:30,293.0,293.8500061035156,291.3999938964844,292.5,6850674,0.0,0.0,JIOFIN.NS,582
2025-12-31 00:00:00+05:30,292.6000061035156,296.8999938964844,292.6000061035156,294.95001220703125,6540400,0.0,0.0,JIOFIN.NS,583
2026-01-01 00:00:00+05:30,295.3999938964844,296.75,294.1499938964844,295.70001220703125,3697802,0.0,0.0,JIOFIN.NS,584
2026-01-02 00:00:00+05:30,295.6000061035156,303.0,295.5,301.70001220703125,10604978,0.0,0.0,JIOFIN.NS,585
2026-01-05 00:00:00+05:30,301.79998779296875,302.45001220703125,298.8500061035156,300.3999938964844,6971528,0.0,0.0,JIOFIN.NS,586
2026-01-06 00:00:00+05:30,300.1000061035156,302.29998779296875,293.5,298.54998779296875,10930694,0.0,0.0,JIOFIN.NS,587
2026-01-07 00:00:00+05:30,298.0,306.0,296.6499938964844,303.5,20416851,0.0,0.0,JIOFIN.NS,588
2026-01-08 00:00:00+05:30,303.29998779296875,304.29998779296875,292.1499938964844,293.54998779296875,12255998,0.0,0.0,JIOFIN.NS,589
2026-01-09 00:00:00+05:30,292.0,294.6000061035156,286.1499938964844,287.25,11375541,0.0,0.0,JIOFIN.NS,590
2026-01-12 00:00:00+05:30,287.25,289.0,280.75,288.25,12216471,0.0,0.0,JIOFIN.NS,591
2026-01-13 00:00:00+05:30,289.1000061035156,290.20001220703125,281.8999938964844,284.6000061035156,12956779,0.0,0.0,JIOFIN.NS,592
2026-01-14 00:00:00+05:30,281.95001220703125,287.8500061035156,281.8500061035156,287.0,6701056,0.0,0.0,JIOFIN.NS,593
2026-01-15 00:00:00+05:30,287.0,287.0,287.0,287.0,0,0.0,0.0,JIOFIN.NS,594
2026-01-16 00:00:00+05:30,287.0,291.0,277.1499938964844,278.79998779296875,18934861,0.0,0.0,JIOFIN.NS,595
2026-01-19 00:00:00+05:30,279.3999938964844,281.6499938964844,274.1000061035156,275.6499938964844,13006403,0.0,0.0,JIOFIN.NS,596
2026-01-20 00:00:00+05:30,275.1000061035156,276.45001220703125,263.20001220703125,265.5,18750739,0.0,0.0,JIOFIN.NS,597
2026-01-21 00:00:00+05:30,265.29998779296875,269.20001220703125,262.5,263.25,19266179,0.0,0.0,JIOFIN.NS,598
2026-01-22 00:00:00+05:30,267.0,268.1499938964844,259.75,262.6000061035156,12282969,0.0,0.0,JIOFIN.NS,599
2026-01-23 00:00:00+05:30,264.0,266.25,252.25,252.89999389648438,14857605,0.0,0.0,JIOFIN.NS,600
2026-01-27 00:00:00+05:30,253.8000030517578,257.5,250.1999969482422,256.04998779296875,14773866,0.0,0.0,JIOFIN.NS,601
2026-01-28 00:00:00+05:30,257.8500061035156,258.3999938964844,253.0,255.1999969482422,19034680,0.0,0.0,JIOFIN.NS,602
2026-01-29 00:00:00+05:30,255.8000030517578,256.8500061035156,252.4499969482422,254.5,12165356,0.0,0.0,JIOFIN.NS,603
2026-01-30 00:00:00+05:30,253.0,257.6000061035156,249.5500030517578,254.5,13448707,0.0,0.0,JIOFIN.NS,604
2026-02-02 00:00:00+05:30,242.39999389648438,245.3000030517578,237.0,244.10000610351562,17248818,0.0,0.0,JIOFIN.NS,605
2026-02-03 00:00:00+05:30,260.04998779296875,267.0,256.95001220703125,263.8999938964844,40223294,0.0,0.0,JIOFIN.NS,606
2026-02-04 00:00:00+05:30,265.0,269.8999938964844,263.95001220703125,268.0,14556924,0.0,0.0,JIOFIN.NS,607
2026-02-05 00:00:00+05:30,268.1000061035156,271.6499938964844,267.5,269.95001220703125,15768740,0.0,0.0,JIOFIN.NS,608
2026-02-06 00:00:00+05:30,269.95001220703125,270.3999938964844,266.5,268.1000061035156,8939766,0.0,0.0,JIOFIN.NS,609
2026-02-09 00:00:00+05:30,270.54998779296875,271.3999938964844,268.75,269.25,8211716,0.0,0.0,JIOFIN.NS,610
2026-02-10 00:00:00+05:30,270.0,274.3500061035156,269.0,270.20001220703125,12632673,0.0,0.0,JIOFIN.NS,611
2026-02-11 00:00:00+05:30,271.0,271.6000061035156,268.29998779296875,270.29998779296875,6544008,0.0,0.0,JIOFIN.NS,612
2026-02-12 00:00:00+05:30,270.0,270.1000061035156,266.70001220703125,267.54998779296875,8681589,0.0,0.0,JIOFIN.NS,613
2026-02-13 00:00:00+05:30,265.0,267.25,262.8500061035156,263.95001220703125,12222314,0.0,0.0,JIOFIN.NS,614
2026-02-16 00:00:00+05:30,262.04998779296875,263.25,259.54998779296875,262.54998779296875,13826571,0.0,0.0,JIOFIN.NS,615
2026-02-17 00:00:00+05:30,262.3999938964844,264.20001220703125,260.8999938964844,262.29998779296875,7407032,0.0,0.0,JIOFIN.NS,616
2026-02-18 00:00:00+05:30,263.0,264.5,261.75,264.1000061035156,9451007,0.0,0.0,JIOFIN.NS,617
2026-02-19 00:00:00+05:30,264.1000061035156,265.54998779296875,257.3500061035156,258.6000061035156,8482281,0.0,0.0,JIOFIN.NS,618
2026-02-20 00:00:00+05:30,258.1000061035156,260.75,257.54998779296875,258.6000061035156,11215176,0.0,0.0,JIOFIN.NS,619
2026-02-23 00:00:00+05:30,260.0,260.3999938964844,256.1499938964844,257.79998779296875,9454337,0.0,0.0,JIOFIN.NS,620
2026-02-24 00:00:00+05:30,257.20001220703125,257.20001220703125,253.1999969482422,255.25,10953963,0.0,0.0,JIOFIN.NS,621
2026-02-25 00:00:00+05:30,257.04998779296875,259.45001220703125,255.64999389648438,256.95001220703125,8837176,0.0,0.0,JIOFIN.NS,622
2026-02-26 00:00:00+05:30,257.5,258.8500061035156,255.35000610351562,256.1499938964844,8691253,0.0,0.0,JIOFIN.NS,623
2026-02-27 00:00:00+05:30,257.0,259.20001220703125,254.64999389648438,255.39999389648438,13283249,0.0,0.0,JIOFIN.NS,624
2026-03-02 00:00:00+05:30,246.5500030517578,252.35000610351562,243.5500030517578,249.0,18412891,0.0,0.0,JIOFIN.NS,625
2026-03-04 00:00:00+05:30,245.0,245.39999389648438,239.8000030517578,241.3000030517578,13886010,0.0,0.0,JIOFIN.NS,626
2026-03-05 00:00:00+05:30,243.5,244.25,237.75,243.10000610351562,13760060,0.0,0.0,JIOFIN.NS,627
2026-03-06 00:00:00+05:30,242.1999969482422,243.4499969482422,238.89999389648438,239.35000610351562,12566465,0.0,0.0,JIOFIN.NS,628
2026-03-09 00:00:00+05:30,233.9499969482422,233.9499969482422,226.3000030517578,232.25,19524751,0.0,0.0,JIOFIN.NS,629
2026-03-10 00:00:00+05:30,236.9499969482422,237.5500030517578,231.35000610351562,236.0,23126145,0.0,0.0,JIOFIN.NS,630
2026-03-11 00:00:00+05:30,237.89999389648438,242.8000030517578,237.5,238.6999969482422,16495797,0.0,0.0,JIOFIN.NS,631
2026-03-12 00:00:00+05:30,237.39999389648438,245.39999389648438,234.0,242.1999969482422,18865160,0.0,0.0,JIOFIN.NS,632
2026-03-13 00:00:00+05:30,240.0,240.60000610351562,234.25,235.25,13328248,0.0,0.0,JIOFIN.NS,633
2026-03-16 00:00:00+05:30,235.0,238.0,230.6999969482422,234.35000610351562,14936668,0.0,0.0,JIOFIN.NS,634
2026-03-17 00:00:00+05:30,235.0,238.6999969482422,234.35000610351562,237.60000610351562,10638093,0.0,0.0,JIOFIN.NS,635
2026-03-18 00:00:00+05:30,238.89999389648438,250.5,237.9499969482422,248.1999969482422,19579987,0.0,0.0,JIOFIN.NS,636
2026-03-19 00:00:00+05:30,242.9499969482422,244.85000610351562,237.60000610351562,239.4499969482422,15046012,0.0,0.0,JIOFIN.NS,637
2026-03-20 00:00:00+05:30,242.0,244.25,238.60000610351562,239.3000030517578,15021105,0.0,0.0,JIOFIN.NS,638
2026-03-23 00:00:00+05:30,236.1999969482422,236.3000030517578,225.39999389648438,226.10000610351562,21172068,0.0,0.0,JIOFIN.NS,639
2026-03-24 00:00:00+05:30,232.85000610351562,234.0,227.75,232.6999969482422,16119867,0.0,0.0,JIOFIN.NS,640
2026-03-25 00:00:00+05:30,235.0,241.0,234.75,237.35000610351562,15684548,0.0,0.0,JIOFIN.NS,641
2026-03-27 00:00:00+05:30,236.0,236.5,231.5500030517578,232.5500030517578,19784233,0.0,0.0,JIOFIN.NS,642
2026-03-30 00:00:00+05:30,228.89999389648438,231.5,223.3000030517578,224.10000610351562,25943393,0.0,0.0,JIOFIN.NS,643
2026-04-01 00:00:00+05:30,233.0399932861328,233.0399932861328,228.0,231.92999267578125,21603793,0.0,0.0,JIOFIN.NS,644
2026-04-02 00:00:00+05:30,227.85000610351562,230.13999938964844,223.5500030517578,229.47999572753906,18541635,0.0,0.0,JIOFIN.NS,645
2026-04-06 00:00:00+05:30,230.8000030517578,236.0,226.10000610351562,235.30999755859375,16036376,0.0,0.0,JIOFIN.NS,646
2026-04-07 00:00:00+05:30,233.10000610351562,236.0,231.77000427246094,235.3300018310547,13783445,0.0,0.0,JIOFIN.NS,647
2026-04-08 00:00:00+05:30,245.10000610351562,248.10000610351562,242.14999389648438,246.86000061035156,19911975,0.0,0.0,JIOFIN.NS,648
2026-04-09 00:00:00+05:30,246.0,246.0,236.6999969482422,238.83999633789062,21124622,0.0,0.0,JIOFIN.NS,649
2026-04-10 00:00:00+05:30,240.6999969482422,243.8000030517578,240.0,243.1999969482422,12039959,0.0,0.0,JIOFIN.NS,650
2026-04-13 00:00:00+05:30,237.0,238.30999755859375,235.25999450683594,237.67999267578125,15386126,0.0,0.0,JIOFIN.NS,651
2026-04-15 00:00:00+05:30,242.5,244.25,241.50999450683594,242.66000366210938,20476591,0.0,0.0,JIOFIN.NS,652
2026-04-16 00:00:00+05:30,244.5,245.0,238.02000427246094,241.27000427246094,26180404,0.0,0.0,JIOFIN.NS,653
2026-04-17 00:00:00+05:30,242.02000427246094,245.5,240.63999938964844,243.86000061035156,51452527,0.0,0.0,JIOFIN.NS,654
2026-04-20 00:00:00+05:30,242.0,242.00999450683594,234.5,237.14999389648438,38415130,0.0,0.0,JIOFIN.NS,655
2026-04-21 00:00:00+05:30,237.27000427246094,237.60000610351562,234.10000610351562,234.75,46344616,0.0,0.0,JIOFIN.NS,656
2026-04-22 00:00:00+05:30,234.6999969482422,241.14999389648438,234.5500030517578,238.50999450683594,40251825,0.0,0.0,JIOFIN.NS,657
2026-04-23 00:00:00+05:30,240.0,251.6999969482422,238.5399932861328,248.66000366210938,74432271,0.0,0.0,JIOFIN.NS,658
2026-04-24 00:00:00+05:30,252.0,253.1999969482422,244.10000610351562,245.72999572753906,32701729,0.0,0.0,JIOFIN.NS,659
2026-04-27 00:00:00+05:30,247.10000610351562,254.6999969482422,247.02000427246094,253.63999938964844,25870371,0.0,0.0,JIOFIN.NS,660
2026-04-28 00:00:00+05:30,255.5,256.0,249.52999877929688,250.80999755859375,21934246,0.0,0.0,JIOFIN.NS,661
2026-04-29 00:00:00+05:30,252.11000061035156,257.0,250.02999877929688,250.7100067138672,22455886,0.0,0.0,JIOFIN.NS,662
2026-04-30 00:00:00+05:30,250.0,250.0,243.11000061035156,246.3699951171875,20595815,0.0,0.0,JIOFIN.NS,663
2026-05-01 00:00:00+05:30,246.3699951171875,246.3699951171875,246.3699951171875,246.3699951171875,0,0.0,0.0,JIOFIN.NS,664
2026-05-04 00:00:00+05:30,248.0,254.0,247.8699951171875,252.74000549316406,17828741,0.0,0.0,JIOFIN.NS,665
2026-05-05 00:00:00+05:30,252.0,253.6999969482422,247.3000030517578,248.4499969482422,16205692,0.0,0.0,JIOFIN.NS,666
2026-05-06 00:00:00+05:30,251.0,252.99000549316406,249.1699981689453,252.44000244140625,14692193,0.0,0.0,JIOFIN.NS,667
2026-05-07 00:00:00+05:30,253.5,254.14999389648438,250.5,251.02000427246094,16948101,0.0,0.0,JIOFIN.NS,668
2026-05-08 00:00:00+05:30,250.97999572753906,251.49000549316406,248.3000030517578,249.33999633789062,11367680,0.0,0.0,JIOFIN.NS,669
2026-05-11 00:00:00+05:30,246.0,246.4499969482422,239.8000030517578,240.3300018310547,18858507,0.0,0.0,JIOFIN.NS,670
2026-05-12 00:00:00+05:30,239.5399932861328,239.9499969482422,229.25999450683594,230.47000122070312,21663715,0.0,0.0,JIOFIN.NS,671
2026-05-13 00:00:00+05:30,231.0,234.0,229.1999969482422,231.4499969482422,13708347,0.0,0.0,JIOFIN.NS,672
2026-05-14 00:00:00+05:30,233.0,235.0,228.41000366210938,234.1300048828125,16545557,0.0,0.0,JIOFIN.NS,673
2026-05-15 00:00:00+05:30,234.89999389648438,235.9499969482422,232.58999633789062,233.05999755859375,10456724,0.0,0.0,JIOFIN.NS,674
2026-05-18 00:00:00+05:30,230.0,233.3300018310547,227.2100067138672,232.6300048828125,13156630,0.0,0.0,JIOFIN.NS,675
2026-05-19 00:00:00+05:30,232.6300048828125,236.10000610351562,232.3000030517578,233.27999877929688,9590375,0.0,0.0,JIOFIN.NS,676
2026-05-20 00:00:00+05:30,230.38999938964844,235.4600067138672,229.4199981689453,234.6699981689453,11303753,0.0,0.0,JIOFIN.NS,677
2026-05-21 00:00:00+05:30,236.5,238.3000030517578,235.05999755859375,235.77999877929688,12084486,0.0,0.0,JIOFIN.NS,678
2026-05-22 00:00:00+05:30,236.11000061035156,241.0,236.11000061035156,238.19000244140625,13517010,0.0,0.0,JIOFIN.NS,679
2026-05-25 00:00:00+05:30,241.0,243.64999389648438,240.1999969482422,241.74000549316406,9813693,0.0,0.0,JIOFIN.NS,680
2026-05-26 00:00:00+05:30,241.38999938964844,243.6999969482422,240.00999450683594,240.6699981689453,10437883,0.0,0.0,JIOFIN.NS,681
2026-05-27 00:00:00+05:30,241.0,243.86000061035156,240.7100067138672,242.88999938964844,9140875,0.0,0.0,JIOFIN.NS,682
2026-05-28 00:00:00+05:30,242.88999938964844,242.88999938964844,242.88999938964844,242.88999938964844,0,0.0,0.0,JIOFIN.NS,683
2026-05-29 00:00:00+05:30,244.0,245.14999389648438,238.0500030517578,238.9499969482422,22534996,0.0,0.0,JIOFIN.NS,684
